File:, rs03_210318_0000
VERSION:,2.00000
FILE_PREFIX:,rs03
FILE_NUMBER:,0
NUM_SCANS:,4
CURRENT_SCAN:,0
RESOLUTION:,0.0160000
NYQUIST:,39.6825
SAMPLES:,3000
SPEED:,5.00000
ZPD:,0.000000
BUFFER_SIZE:,20
DATE:,Thu Mar 18 15:47:57 2021
JULDATE:,2459292.2
SOURCE:,
COMMENT:,500C; 0.4in aperture; 130mK; 0.2Vbias

OPD (cm), Signal (V)
  0.0000, 5.8776855E-001
  0.0126, 5.8704376E-001
  0.0252, 5.8853149E-001
  0.0378, 5.8921814E-001
  0.0504, 5.8822632E-001
  0.0630, 5.8845520E-001
  0.0756, 5.8815002E-001
  0.0882, 5.8898926E-001
  0.1008, 5.8803558E-001
  0.1134, 5.8715820E-001
  0.1260, 5.8792114E-001
  0.1386, 5.8887482E-001
  0.1512, 5.8902740E-001
  0.1638, 5.8860779E-001
  0.1764, 5.8914185E-001
  0.1890, 5.8841705E-001
  0.2016, 5.8959961E-001
  0.2142, 5.8864594E-001
  0.2268, 5.8887482E-001
  0.2394, 5.8883667E-001
  0.2520, 5.8822632E-001
  0.2646, 5.8723450E-001
  0.2772, 5.8929443E-001
  0.2898, 5.8906555E-001
  0.3024, 5.8948517E-001
  0.3150, 5.9082031E-001
  0.3276, 5.8937073E-001
  0.3402, 5.8856964E-001
  0.3528, 5.8860779E-001
  0.3654, 5.8917999E-001
  0.3780, 5.8906555E-001
  0.3906, 5.8784485E-001
  0.4032, 5.8845520E-001
  0.4158, 5.8776855E-001
  0.4284, 5.8753967E-001
  0.4410, 5.8757782E-001
  0.4536, 5.8887482E-001
  0.4662, 5.8898926E-001
  0.4788, 5.8876038E-001
  0.4914, 5.8731079E-001
  0.5040, 5.8677673E-001
  0.5166, 5.8647156E-001
  0.5292, 5.8490753E-001
  0.5418, 5.8490753E-001
  0.5544, 5.8444977E-001
  0.5670, 5.8654785E-001
  0.5796, 5.8616638E-001
  0.5922, 5.8776855E-001
  0.6048, 5.8734894E-001
  0.6174, 5.8883667E-001
  0.6300, 5.8902740E-001
  0.6426, 5.8963776E-001
  0.6552, 5.8837891E-001
  0.6678, 5.8628082E-001
  0.6804, 5.8486938E-001
  0.6930, 5.8357239E-001
  0.7056, 5.8464050E-001
  0.7182, 5.8635712E-001
  0.7308, 5.8837891E-001
  0.7434, 5.8708191E-001
  0.7560, 5.8830261E-001
  0.7686, 5.8807373E-001
  0.7812, 5.8952332E-001
  0.7938, 5.8937073E-001
  0.8064, 5.8807373E-001
  0.8190, 5.8689117E-001
  0.8316, 5.8418274E-001
  0.8442, 5.8490753E-001
  0.8568, 5.8303833E-001
  0.8694, 5.8609009E-001
  0.8820, 5.8700562E-001
  0.8946, 5.8933258E-001
  0.9072, 5.8898926E-001
  0.9198, 5.8837891E-001
  0.9324, 5.8845520E-001
  0.9450, 5.8807373E-001
  0.9576, 5.8837891E-001
  0.9702, 5.8685303E-001
  0.9828, 5.8708191E-001
  0.9954, 5.8517456E-001
  1.0080, 5.8567047E-001
  1.0206, 5.8517456E-001
  1.0332, 5.8601379E-001
  1.0458, 5.8753967E-001
  1.0584, 5.8841705E-001
  1.0710, 5.8933258E-001
  1.0836, 5.8811188E-001
  1.0962, 5.8872223E-001
  1.1088, 5.8738708E-001
  1.1214, 5.8891296E-001
  1.1340, 5.8731079E-001
  1.1466, 5.8837891E-001
  1.1592, 5.8666229E-001
  1.1718, 5.8708191E-001
  1.1844, 5.8692932E-001
  1.1970, 5.8742523E-001
  1.2096, 5.8807373E-001
  1.2222, 5.8853149E-001
  1.2348, 5.8807373E-001
  1.2474, 5.8704376E-001
  1.2600, 5.8773041E-001
  1.2726, 5.8757782E-001
  1.2852, 5.8860779E-001
  1.2978, 5.8792114E-001
  1.3104, 5.8940887E-001
  1.3230, 5.8872223E-001
  1.3356, 5.8784485E-001
  1.3482, 5.8761597E-001
  1.3608, 5.8601379E-001
  1.3734, 5.8780670E-001
  1.3860, 5.8792114E-001
  1.3986, 5.8876038E-001
  1.4112, 5.8719635E-001
  1.4238, 5.8788300E-001
  1.4364, 5.8788300E-001
  1.4490, 5.8849335E-001
  1.4616, 5.8795929E-001
  1.4742, 5.8898926E-001
  1.4868, 5.8887482E-001
  1.4994, 5.8837891E-001
  1.5120, 5.8757782E-001
  1.5246, 5.8620453E-001
  1.5372, 5.8807373E-001
  1.5498, 5.8750153E-001
  1.5624, 5.8940887E-001
  1.5750, 5.8837891E-001
  1.5876, 5.8837891E-001
  1.6002, 5.8746338E-001
  1.6128, 5.8769226E-001
  1.6254, 5.8811188E-001
  1.6380, 5.8822632E-001
  1.6506, 5.8856964E-001
  1.6632, 5.8704376E-001
  1.6758, 5.8738708E-001
  1.6884, 5.8731079E-001
  1.7010, 5.8891296E-001
  1.7136, 5.8841705E-001
  1.7262, 5.8906555E-001
  1.7388, 5.8906555E-001
  1.7514, 5.8807373E-001
  1.7640, 5.8795929E-001
  1.7766, 5.8700562E-001
  1.7892, 5.8750153E-001
  1.8018, 5.8643341E-001
  1.8144, 5.8792114E-001
  1.8270, 5.8589935E-001
  1.8396, 5.8933258E-001
  1.8522, 5.8746338E-001
  1.8648, 5.8937073E-001
  1.8774, 5.8986664E-001
  1.8900, 5.8971405E-001
  1.9026, 5.9032440E-001
  1.9152, 5.8784485E-001
  1.9278, 5.8795929E-001
  1.9404, 5.8822632E-001
  1.9530, 5.8872223E-001
  1.9656, 5.8570862E-001
  1.9782, 5.8734894E-001
  1.9908, 5.8929443E-001
  2.0034, 5.8837891E-001
  2.0160, 5.8807373E-001
  2.0286, 5.8792114E-001
  2.0412, 5.8845520E-001
  2.0538, 5.8902740E-001
  2.0664, 5.8944702E-001
  2.0790, 5.8853149E-001
  2.0916, 5.8929443E-001
  2.1042, 5.8750153E-001
  2.1168, 5.8948517E-001
  2.1294, 5.8818817E-001
  2.1420, 5.9032440E-001
  2.1546, 5.8986664E-001
  2.1672, 5.8975220E-001
  2.1798, 5.8868408E-001
  2.1924, 5.8876038E-001
  2.2050, 5.8914185E-001
  2.2176, 5.8898926E-001
  2.2302, 5.8963776E-001
  2.2428, 5.8765411E-001
  2.2554, 5.8849335E-001
  2.2680, 5.8845520E-001
  2.2806, 5.8906555E-001
  2.2932, 5.8959961E-001
  2.3058, 5.8952332E-001
  2.3184, 5.8933258E-001
  2.3310, 5.8837891E-001
  2.3436, 5.8666229E-001
  2.3562, 5.8479309E-001
  2.3688, 5.8597565E-001
  2.3814, 5.8532715E-001
  2.3940, 5.8719635E-001
  2.4066, 5.8776855E-001
  2.4192, 5.8925629E-001
  2.4318, 5.8921814E-001
  2.4444, 5.8917999E-001
  2.4570, 5.8967590E-001
  2.4696, 5.8940887E-001
  2.4822, 5.8956146E-001
  2.4948, 5.8727264E-001
  2.5074, 5.8578491E-001
  2.5200, 5.8349609E-001
  2.5326, 5.8502197E-001
  2.5452, 5.8559418E-001
  2.5578, 5.8750153E-001
  2.5704, 5.8898926E-001
  2.5830, 5.8853149E-001
  2.5956, 5.8937073E-001
  2.6082, 5.8807373E-001
  2.6208, 5.8902740E-001
  2.6334, 5.8860779E-001
  2.6460, 5.8898926E-001
  2.6586, 5.8635712E-001
  2.6712, 5.8860779E-001
  2.6838, 5.8776855E-001
  2.6964, 5.8914185E-001
  2.7090, 5.8971405E-001
  2.7216, 5.8944702E-001
  2.7342, 5.8994293E-001
  2.7468, 5.8628082E-001
  2.7594, 5.8517456E-001
  2.7720, 5.8349609E-001
  2.7846, 5.8319092E-001
  2.7972, 5.8204651E-001
  2.8098, 5.8647156E-001
  2.8224, 5.8876038E-001
  2.8350, 5.8990479E-001
  2.8476, 5.9085846E-001
  2.8602, 5.9055328E-001
  2.8728, 5.9043884E-001
  2.8854, 5.8898926E-001
  2.8980, 5.8826447E-001
  2.9106, 5.8105469E-001
  2.9232, 5.7544708E-001
  2.9358, 5.7167053E-001
  2.9484, 5.7323456E-001
  2.9610, 5.8330536E-001
  2.9736, 5.8971405E-001
  2.9862, 5.9192657E-001
  2.9988, 5.9181213E-001
  3.0114, 5.9223175E-001
  3.0240, 5.9112549E-001
  3.0366, 5.9104919E-001
  3.0492, 5.8792114E-001
  3.0618, 5.7743073E-001
  3.0744, 5.4294586E-001
  3.0870, 5.4237366E-001
  3.0996, 5.6098938E-001
  3.1122, 5.7193756E-001
  3.1248, 5.8826447E-001
  3.1374, 5.9158325E-001
  3.1500, 5.9329987E-001
  3.1626, 5.9238434E-001
  3.1752, 5.9268951E-001
  3.1878, 5.9188843E-001
  3.2004, 5.9135437E-001
  3.2130, 5.8609009E-001
  3.2256, 5.7250977E-001
  3.2382, 5.6240082E-001
  3.2508, 5.6053162E-001
  3.2634, 5.7128906E-001
  3.2760, 5.8280945E-001
  3.2886, 5.9024811E-001
  3.3012, 5.9116364E-001
  3.3138, 5.9303284E-001
  3.3264, 5.9150696E-001
  3.3390, 5.9215546E-001
  3.3516, 5.9032440E-001
  3.3642, 5.8700562E-001
  3.3768, 5.7914734E-001
  3.3894, 5.7067871E-001
  3.4020, 5.7132721E-001
  3.4146, 5.7373047E-001
  3.4272, 5.7991028E-001
  3.4398, 5.8639526E-001
  3.4524, 5.9020996E-001
  3.4650, 5.9066772E-001
  3.4776, 5.9177399E-001
  3.4902, 5.9085846E-001
  3.5028, 5.9001923E-001
  3.5154, 5.8845520E-001
  3.5280, 5.8433533E-001
  3.5406, 5.8280945E-001
  3.5532, 5.8242798E-001
  3.5658, 5.8506012E-001
  3.5784, 5.8536530E-001
  3.5910, 5.8761597E-001
  3.6036, 5.8769226E-001
  3.6162, 5.8929443E-001
  3.6288, 5.8887482E-001
  3.6414, 5.8883667E-001
  3.6540, 5.8742523E-001
  3.6666, 5.8559418E-001
  3.6792, 5.8563232E-001
  3.6918, 5.8578491E-001
  3.7044, 5.8776855E-001
  3.7170, 5.8776855E-001
  3.7296, 5.8967590E-001
  3.7422, 5.8879852E-001
  3.7548, 5.8883667E-001
  3.7674, 5.8776855E-001
  3.7800, 5.8654785E-001
  3.7926, 5.8586121E-001
  3.8052, 5.8479309E-001
  3.8178, 5.8593750E-001
  3.8304, 5.8555603E-001
  3.8430, 5.8761597E-001
  3.8556, 5.8773041E-001
  3.8682, 5.8986664E-001
  3.8808, 5.8921814E-001
  3.8934, 5.9047699E-001
  3.9060, 5.8868408E-001
  3.9186, 5.8841705E-001
  3.9312, 5.8631897E-001
  3.9438, 5.8406830E-001
  3.9564, 5.8498383E-001
  3.9690, 5.8460236E-001
  3.9816, 5.8670044E-001
  3.9942, 5.8647156E-001
  4.0068, 5.8822632E-001
  4.0194, 5.8826447E-001
  4.0320, 5.8933258E-001
  4.0446, 5.8944702E-001
  4.0572, 5.8917999E-001
  4.0698, 5.8868408E-001
  4.0824, 5.8723450E-001
  4.0950, 5.8673859E-001
  4.1076, 5.8521271E-001
  4.1202, 5.8597565E-001
  4.1328, 5.8620453E-001
  4.1454, 5.8784485E-001
  4.1580, 5.8631897E-001
  4.1706, 5.8700562E-001
  4.1832, 5.8643341E-001
  4.1958, 5.8761597E-001
  4.2084, 5.8734894E-001
  4.2210, 5.8769226E-001
  4.2336, 5.8887482E-001
  4.2462, 5.8807373E-001
  4.2588, 5.8883667E-001
  4.2714, 5.8727264E-001
  4.2840, 5.8845520E-001
  4.2966, 5.8784485E-001
  4.3092, 5.8883667E-001
  4.3218, 5.8891296E-001
  4.3344, 5.8708191E-001
  4.3470, 5.8673859E-001
  4.3596, 5.8422089E-001
  4.3722, 5.8647156E-001
  4.3848, 5.8662415E-001
  4.3974, 5.8757782E-001
  4.4100, 5.8738708E-001
  4.4226, 5.8792114E-001
  4.4352, 5.8757782E-001
  4.4478, 5.8898926E-001
  4.4604, 5.8910370E-001
  4.4730, 5.8902740E-001
  4.4856, 5.8849335E-001
  4.4982, 5.8689117E-001
  4.5108, 5.8708191E-001
  4.5234, 5.8506012E-001
  4.5360, 5.8765411E-001
  4.5486, 5.8708191E-001
  4.5612, 5.8845520E-001
  4.5738, 5.8830261E-001
  4.5864, 5.8799744E-001
  4.5990, 5.8731079E-001
  4.6116, 5.8761597E-001
  4.6242, 5.8769226E-001
  4.6368, 5.8738708E-001
  4.6494, 5.8856964E-001
  4.6620, 5.8681488E-001
  4.6746, 5.8696747E-001
  4.6872, 5.8635712E-001
  4.6998, 5.8746338E-001
  4.7124, 5.8734894E-001
  4.7250, 5.8868408E-001
  4.7376, 5.8895111E-001
  4.7502, 5.8715820E-001
  4.7628, 5.8731079E-001
  4.7754, 5.8643341E-001
  4.7880, 5.8692932E-001
  4.8006, 5.8662415E-001
  4.8132, 5.8750153E-001
  4.8258, 5.8673859E-001
  4.8384, 5.8734894E-001
  4.8510, 5.8734894E-001
  4.8636, 5.8792114E-001
  4.8762, 5.8845520E-001
  4.8888, 5.8910370E-001
  4.9014, 5.8872223E-001
  4.9140, 5.8715820E-001
  4.9266, 5.8708191E-001
  4.9392, 5.8704376E-001
  4.9518, 5.8750153E-001
  4.9644, 5.8673859E-001
  4.9770, 5.8811188E-001
  4.9896, 5.8792114E-001
  5.0022, 5.8830261E-001
  5.0148, 5.8853149E-001
  5.0274, 5.8776855E-001
  5.0400, 5.8868408E-001
  5.0526, 5.8883667E-001
  5.0652, 5.8959961E-001
  5.0778, 5.8792114E-001
  5.0904, 5.8845520E-001
  5.1030, 5.8845520E-001
  5.1156, 5.8944702E-001
  5.1282, 5.8750153E-001
  5.1408, 5.9005737E-001
  5.1534, 5.8902740E-001
  5.1660, 5.8807373E-001
  5.1786, 5.8750153E-001
  5.1912, 5.8670044E-001
  5.2038, 5.8792114E-001
  5.2164, 5.8887482E-001
  5.2290, 5.8933258E-001
  5.2416, 5.8971405E-001
  5.2542, 5.8815002E-001
  5.2668, 5.8750153E-001
  5.2794, 5.8662415E-001
  5.2920, 5.8624268E-001
  5.3046, 5.8517456E-001
  5.3172, 5.8662415E-001
  5.3298, 5.8452606E-001
  5.3424, 5.8540344E-001
  5.3550, 5.8612823E-001
  5.3676, 5.8837891E-001
  5.3802, 5.8891296E-001
  5.3928, 5.8959961E-001
  5.4054, 5.8982849E-001
  5.4180, 5.8967590E-001
  5.4306, 5.8849335E-001
  5.4432, 5.8731079E-001
  5.4558, 5.8635712E-001
  5.4684, 5.8567047E-001
  5.4810, 5.8540344E-001
  5.4936, 5.8464050E-001
  5.5062, 5.8689117E-001
  5.5188, 5.8643341E-001
  5.5314, 5.8826447E-001
  5.5440, 5.8876038E-001
  5.5566, 5.8940887E-001
  5.5692, 5.8998108E-001
  5.5818, 5.8849335E-001
  5.5944, 5.8792114E-001
  5.6070, 5.8467865E-001
  5.6196, 5.8513641E-001
  5.6322, 5.8429718E-001
  5.6448, 5.8593750E-001
  5.6574, 5.8509827E-001
  5.6700, 5.8673859E-001
  5.6826, 5.8670044E-001
  5.6952, 5.8864594E-001
  5.7078, 5.8937073E-001
  5.7204, 5.8948517E-001
  5.7330, 5.8952332E-001
  5.7456, 5.8795929E-001
  5.7582, 5.8685303E-001
  5.7708, 5.8448792E-001
  5.7834, 5.8513641E-001
  5.7960, 5.8483124E-001
  5.8086, 5.8670044E-001
  5.8212, 5.8704376E-001
  5.8338, 5.8753967E-001
  5.8464, 5.8795929E-001
  5.8590, 5.8738708E-001
  5.8716, 5.8864594E-001
  5.8842, 5.8807373E-001
  5.8968, 5.8860779E-001
  5.9094, 5.8708191E-001
  5.9220, 5.8898926E-001
  5.9346, 5.8631897E-001
  5.9472, 5.8586121E-001
  5.9598, 5.8570862E-001
  5.9724, 5.8708191E-001
  5.9850, 5.8761597E-001
  5.9976, 5.8830261E-001
  6.0102, 5.8834076E-001
  6.0228, 5.8624268E-001
  6.0354, 5.8609009E-001
  6.0480, 5.8654785E-001
  6.0606, 5.8666229E-001
  6.0732, 5.8876038E-001
  6.0858, 5.8906555E-001
  6.0984, 5.8807373E-001
  6.1110, 5.8853149E-001
  6.1236, 5.8925629E-001
  6.1362, 5.8902740E-001
  6.1488, 5.8952332E-001
  6.1614, 5.8830261E-001
  6.1740, 5.8815002E-001
  6.1866, 5.8631897E-001
  6.1992, 5.8734894E-001
  6.2118, 5.8731079E-001
  6.2244, 5.8815002E-001
  6.2370, 5.8815002E-001
  6.2496, 5.8807373E-001
  6.2622, 5.8879852E-001
  6.2748, 5.8780670E-001
  6.2874, 5.8788300E-001
  6.3000, 5.8776855E-001
  6.3126, 5.8807373E-001
  6.3252, 5.8601379E-001
  6.3378, 5.8593750E-001
  6.3504, 5.8570862E-001
  6.3630, 5.8639526E-001
  6.3756, 5.8666229E-001
  6.3882, 5.8761597E-001
  6.4008, 5.8933258E-001
  6.4134, 5.8750153E-001
  6.4260, 5.8795929E-001
  6.4386, 5.8753967E-001
  6.4512, 5.8822632E-001
  6.4638, 5.8670044E-001
  6.4764, 5.8807373E-001
  6.4890, 5.8666229E-001
  6.5016, 5.8845520E-001
  6.5142, 5.8738708E-001
  6.5268, 5.8673859E-001
  6.5394, 5.8807373E-001
  6.5520, 5.8856964E-001
  6.5646, 5.8898926E-001
  6.5772, 5.8792114E-001
  6.5898, 5.8815002E-001
  6.6024, 5.8757782E-001
  6.6150, 5.8822632E-001
  6.6276, 5.8738708E-001
  6.6402, 5.8879852E-001
  6.6528, 5.8807373E-001
  6.6654, 5.8780670E-001
  6.6780, 5.8898926E-001
  6.6906, 5.8612823E-001
  6.7032, 5.8734894E-001
  6.7158, 5.8799744E-001
  6.7284, 5.8849335E-001
  6.7410, 5.8696747E-001
  6.7536, 5.8769226E-001
  6.7662, 5.8708191E-001
  6.7788, 5.8750153E-001
  6.7914, 5.8742523E-001
  6.8040, 5.8746338E-001
  6.8166, 5.8830261E-001
  6.8292, 5.8700562E-001
  6.8418, 5.8673859E-001
  6.8544, 5.8563232E-001
  6.8670, 5.8689117E-001
  6.8796, 5.8666229E-001
  6.8922, 5.8788300E-001
  6.9048, 5.8765411E-001
  6.9174, 5.8776855E-001
  6.9300, 5.8818817E-001
  6.9426, 5.8841705E-001
  6.9552, 5.8906555E-001
  6.9678, 5.8818817E-001
  6.9804, 5.8917999E-001
  6.9930, 5.8822632E-001
  7.0056, 5.8830261E-001
  7.0182, 5.8715820E-001
  7.0308, 5.8715820E-001
  7.0434, 5.8704376E-001
  7.0560, 5.8849335E-001
  7.0686, 5.8803558E-001
  7.0812, 5.8773041E-001
  7.0938, 5.8837891E-001
  7.1064, 5.8792114E-001
  7.1190, 5.8868408E-001
  7.1316, 5.8929443E-001
  7.1442, 5.8887482E-001
  7.1568, 5.8876038E-001
  7.1694, 5.8792114E-001
  7.1820, 5.8708191E-001
  7.1946, 5.8776855E-001
  7.2072, 5.8872223E-001
  7.2198, 5.8769226E-001
  7.2324, 5.8853149E-001
  7.2450, 5.8853149E-001
  7.2576, 5.8849335E-001
  7.2702, 5.8811188E-001
  7.2828, 5.8841705E-001
  7.2954, 5.8773041E-001
  7.3080, 5.8876038E-001
  7.3206, 5.8959961E-001
  7.3332, 5.8902740E-001
  7.3458, 5.8925629E-001
  7.3584, 5.8769226E-001
  7.3710, 5.8898926E-001
  7.3836, 5.8742523E-001
  7.3962, 5.8856964E-001
  7.4088, 5.8784485E-001
  7.4214, 5.8784485E-001
  7.4340, 5.8696747E-001
  7.4466, 5.8937073E-001
  7.4592, 5.8818817E-001
  7.4718, 5.8776855E-001
  7.4844, 5.8910370E-001
  7.4970, 5.8849335E-001
  7.5096, 5.8891296E-001
  7.5222, 5.8860779E-001
  7.5348, 5.8887482E-001
  7.5474, 5.8837891E-001
  7.5600, 5.8917999E-001
  7.5726, 5.8738708E-001
  7.5852, 5.8757782E-001
  7.5978, 5.8593750E-001
  7.6104, 5.8658600E-001
  7.6230, 5.8849335E-001
  7.6356, 5.8872223E-001
  7.6482, 5.8929443E-001
  7.6608, 5.8914185E-001
  7.6734, 5.8906555E-001
  7.6860, 5.8773041E-001
  7.6986, 5.8837891E-001
  7.7112, 5.8803558E-001
  7.7238, 5.8784485E-001
  7.7364, 5.8765411E-001
  7.7490, 5.8628082E-001
  7.7616, 5.8731079E-001
  7.7742, 5.8628082E-001
  7.7868, 5.8853149E-001
  7.7994, 5.8776855E-001
  7.8120, 5.8929443E-001
  7.8246, 5.8845520E-001
  7.8372, 5.8849335E-001
  7.8498, 5.8830261E-001
  7.8624, 5.8898926E-001
  7.8750, 5.8864594E-001
  7.8876, 5.8898926E-001
  7.9002, 5.8826447E-001
  7.9128, 5.8776855E-001
  7.9254, 5.8792114E-001
  7.9380, 5.8815002E-001
  7.9506, 5.8868408E-001
  7.9632, 5.8872223E-001
  7.9758, 5.8975220E-001
  7.9884, 5.8837891E-001
  8.0010, 5.8906555E-001
  8.0136, 5.8837891E-001
  8.0262, 5.8719635E-001
  8.0388, 5.8872223E-001
  8.0514, 5.8795929E-001
  8.0640, 5.8868408E-001
  8.0766, 5.8662415E-001
  8.0892, 5.8780670E-001
  8.1018, 5.8746338E-001
  8.1144, 5.8830261E-001
  8.1270, 5.8864594E-001
  8.1396, 5.8815002E-001
  8.1522, 5.8872223E-001
  8.1648, 5.8811188E-001
  8.1774, 5.8853149E-001
  8.1900, 5.8776855E-001
  8.2026, 5.8856964E-001
  8.2152, 5.8883667E-001
  8.2278, 5.8990479E-001
  8.2404, 5.8822632E-001
  8.2530, 5.8769226E-001
  8.2656, 5.8731079E-001
  8.2782, 5.8712006E-001
  8.2908, 5.8692932E-001
  8.3034, 5.8670044E-001
  8.3160, 5.8887482E-001
  8.3286, 5.8765411E-001
  8.3412, 5.8795929E-001
  8.3538, 5.8727264E-001
  8.3664, 5.8872223E-001
  8.3790, 5.8746338E-001
  8.3916, 5.8872223E-001
  8.4042, 5.8765411E-001
  8.4168, 5.8734894E-001
  8.4294, 5.8631897E-001
  8.4420, 5.8670044E-001
  8.4546, 5.8769226E-001
  8.4672, 5.8792114E-001
  8.4798, 5.8864594E-001
  8.4924, 5.8795929E-001
  8.5050, 5.8792114E-001
  8.5176, 5.8830261E-001
  8.5302, 5.8879852E-001
  8.5428, 5.8917999E-001
  8.5554, 5.8956146E-001
  8.5680, 5.8883667E-001
  8.5806, 5.8761597E-001
  8.5932, 5.8807373E-001
  8.6058, 5.8654785E-001
  8.6184, 5.8830261E-001
  8.6310, 5.8685303E-001
  8.6436, 5.8807373E-001
  8.6562, 5.8769226E-001
  8.6688, 5.8776855E-001
  8.6814, 5.8784485E-001
  8.6940, 5.8734894E-001
  8.7066, 5.8837891E-001
  8.7192, 5.8822632E-001
  8.7318, 5.8952332E-001
  8.7444, 5.8807373E-001
  8.7570, 5.8902740E-001
  8.7696, 5.8746338E-001
  8.7822, 5.8860779E-001
  8.7948, 5.8849335E-001
  8.8074, 5.8979034E-001
  8.8200, 5.8891296E-001
  8.8326, 5.8929443E-001
  8.8452, 5.8845520E-001
  8.8578, 5.8853149E-001
  8.8704, 5.8929443E-001
  8.8830, 5.8895111E-001
  8.8956, 5.8902740E-001
  8.9082, 5.8776855E-001
  8.9208, 5.8795929E-001
  8.9334, 5.8692932E-001
  8.9460, 5.8761597E-001
  8.9586, 5.8692932E-001
  8.9712, 5.8761597E-001
  8.9838, 5.8826447E-001
  8.9964, 5.8597565E-001
  9.0090, 5.8708191E-001
  9.0216, 5.8750153E-001
  9.0342, 5.8856964E-001
  9.0468, 5.8765411E-001
  9.0594, 5.8967590E-001
  9.0720, 5.8815002E-001
  9.0846, 5.8757782E-001
  9.0972, 5.8761597E-001
  9.1098, 5.8666229E-001
  9.1224, 5.8872223E-001
  9.1350, 5.8723450E-001
  9.1476, 5.8906555E-001
  9.1602, 5.8853149E-001
  9.1728, 5.8937073E-001
  9.1854, 5.8815002E-001
  9.1980, 5.8979034E-001
  9.2106, 5.8917999E-001
  9.2232, 5.9013367E-001
  9.2358, 5.8971405E-001
  9.2484, 5.8731079E-001
  9.2610, 5.8769226E-001
  9.2736, 5.8631897E-001
  9.2862, 5.8753967E-001
  9.2988, 5.8757782E-001
  9.3114, 5.8952332E-001
  9.3240, 5.8731079E-001
  9.3366, 5.8704376E-001
  9.3492, 5.8650970E-001
  9.3618, 5.8807373E-001
  9.3744, 5.8898926E-001
  9.3870, 5.8830261E-001
  9.3996, 5.8849335E-001
  9.4122, 5.8757782E-001
  9.4248, 5.8742523E-001
  9.4374, 5.8830261E-001
  9.4500, 5.8815002E-001
  9.4626, 5.8837891E-001
  9.4752, 5.8937073E-001
  9.4878, 5.8860779E-001
  9.5004, 5.8883667E-001
  9.5130, 5.8864594E-001
  9.5256, 5.8708191E-001
  9.5382, 5.8906555E-001
  9.5508, 5.8876038E-001
  9.5634, 5.8898926E-001
  9.5760, 5.8830261E-001
  9.5886, 5.8753967E-001
  9.6012, 5.8818817E-001
  9.6138, 5.8792114E-001
  9.6264, 5.8872223E-001
  9.6390, 5.8883667E-001
  9.6516, 5.8944702E-001
  9.6642, 5.8841705E-001
  9.6768, 5.8898926E-001
  9.6894, 5.8738708E-001
  9.7020, 5.8921814E-001
  9.7146, 5.8868408E-001
  9.7272, 5.8898926E-001
  9.7398, 5.8700562E-001
  9.7524, 5.8753967E-001
  9.7650, 5.8837891E-001
  9.7776, 5.8822632E-001
  9.7902, 5.8837891E-001
  9.8028, 5.8887482E-001
  9.8154, 5.8929443E-001
  9.8280, 5.8685303E-001
  9.8406, 5.8815002E-001
  9.8532, 5.8689117E-001
  9.8658, 5.8830261E-001
  9.8784, 5.8719635E-001
  9.8910, 5.8818817E-001
  9.9036, 5.8731079E-001
  9.9162, 5.8837891E-001
  9.9288, 5.8815002E-001
  9.9414, 5.8872223E-001
  9.9540, 5.8830261E-001
  9.9666, 5.8841705E-001
  9.9792, 5.8719635E-001
  9.9918, 5.8708191E-001
 10.0044, 5.8639526E-001
 10.0170, 5.8509827E-001
 10.0296, 5.8605194E-001
 10.0422, 5.8609009E-001
 10.0548, 5.8639526E-001
 10.0674, 5.8708191E-001
 10.0800, 5.8605194E-001
 10.0926, 5.8673859E-001
 10.1052, 5.8551788E-001
 10.1178, 5.8841705E-001
 10.1304, 5.8639526E-001
 10.1430, 5.8677673E-001
 10.1556, 5.8555603E-001
 10.1682, 5.8624268E-001
 10.1808, 5.8528900E-001
 10.1934, 5.8719635E-001
 10.2060, 5.8650970E-001
 10.2186, 5.8719635E-001
 10.2312, 5.8738708E-001
 10.2438, 5.8715820E-001
 10.2564, 5.8696747E-001
 10.2690, 5.8715820E-001
 10.2816, 5.8696747E-001
 10.2942, 5.8620453E-001
 10.3068, 5.8628082E-001
 10.3194, 5.8582306E-001
 10.3320, 5.8506012E-001
 10.3446, 5.8757782E-001
 10.3572, 5.8521271E-001
 10.3698, 5.8639526E-001
 10.3824, 5.8647156E-001
 10.3950, 5.8914185E-001
 10.4076, 5.8654785E-001
 10.4202, 5.8681488E-001
 10.4328, 5.8532715E-001
 10.4454, 5.8673859E-001
 10.4580, 5.8586121E-001
 10.4706, 5.8700562E-001
 10.4832, 5.8670044E-001
 10.4958, 5.8612823E-001
 10.5084, 5.8612823E-001
 10.5210, 5.8616638E-001
 10.5336, 5.8681488E-001
 10.5462, 5.8723450E-001
 10.5588, 5.8799744E-001
 10.5714, 5.8719635E-001
 10.5840, 5.8700562E-001
 10.5966, 5.8704376E-001
 10.6092, 5.8635712E-001
 10.6218, 5.8792114E-001
 10.6344, 5.8700562E-001
 10.6470, 5.8815002E-001
 10.6596, 5.8700562E-001
 10.6722, 5.8746338E-001
 10.6848, 5.8692932E-001
 10.6974, 5.8757782E-001
 10.7100, 5.8715820E-001
 10.7226, 5.8944702E-001
 10.7352, 5.8773041E-001
 10.7478, 5.8635712E-001
 10.7604, 5.8574677E-001
 10.7730, 5.8509827E-001
 10.7856, 5.8631897E-001
 10.7982, 5.8593750E-001
 10.8108, 5.8712006E-001
 10.8234, 5.8689117E-001
 10.8360, 5.8677673E-001
 10.8486, 5.8681488E-001
 10.8612, 5.8692932E-001
 10.8738, 5.8719635E-001
 10.8864, 5.8708191E-001
 10.8990, 5.8765411E-001
 10.9116, 5.8612823E-001
 10.9242, 5.8628082E-001
 10.9368, 5.8559418E-001
 10.9494, 5.8708191E-001
 10.9620, 5.8738708E-001
 10.9746, 5.8876038E-001
 10.9872, 5.8753967E-001
 10.9998, 5.8811188E-001
 11.0124, 5.8780670E-001
 11.0250, 5.8879852E-001
 11.0376, 5.8807373E-001
 11.0502, 5.8750153E-001
 11.0628, 5.8841705E-001
 11.0754, 5.8727264E-001
 11.0880, 5.8624268E-001
 11.1006, 5.8654785E-001
 11.1132, 5.8670044E-001
 11.1258, 5.8677673E-001
 11.1384, 5.8723450E-001
 11.1510, 5.8792114E-001
 11.1636, 5.8715820E-001
 11.1762, 5.8715820E-001
 11.1888, 5.8605194E-001
 11.2014, 5.8765411E-001
 11.2140, 5.8750153E-001
 11.2266, 5.8815002E-001
 11.2392, 5.8696747E-001
 11.2518, 5.8719635E-001
 11.2644, 5.8757782E-001
 11.2770, 5.8731079E-001
 11.2896, 5.8811188E-001
 11.3022, 5.8712006E-001
 11.3148, 5.8860779E-001
 11.3274, 5.8658600E-001
 11.3400, 5.8696747E-001
 11.3526, 5.8681488E-001
 11.3652, 5.8704376E-001
 11.3778, 5.8845520E-001
 11.3904, 5.8803558E-001
 11.4030, 5.8799744E-001
 11.4156, 5.8734894E-001
 11.4282, 5.8765411E-001
 11.4408, 5.8700562E-001
 11.4534, 5.8776855E-001
 11.4660, 5.8731079E-001
 11.4786, 5.8807373E-001
 11.4912, 5.8769226E-001
 11.5038, 5.8681488E-001
 11.5164, 5.8609009E-001
 11.5290, 5.8624268E-001
 11.5416, 5.8696747E-001
 11.5542, 5.8673859E-001
 11.5668, 5.8731079E-001
 11.5794, 5.8746338E-001
 11.5920, 5.8723450E-001
 11.6046, 5.8635712E-001
 11.6172, 5.8662415E-001
 11.6298, 5.8631897E-001
 11.6424, 5.8769226E-001
 11.6550, 5.8658600E-001
 11.6676, 5.8666229E-001
 11.6802, 5.8624268E-001
 11.6928, 5.8593750E-001
 11.7054, 5.8654785E-001
 11.7180, 5.8715820E-001
 11.7306, 5.8784485E-001
 11.7432, 5.8650970E-001
 11.7558, 5.8662415E-001
 11.7684, 5.8624268E-001
 11.7810, 5.8712006E-001
 11.7936, 5.8670044E-001
 11.8062, 5.8803558E-001
 11.8188, 5.8757782E-001
 11.8314, 5.8757782E-001
 11.8440, 5.8765411E-001
 11.8566, 5.8662415E-001
 11.8692, 5.8780670E-001
 11.8818, 5.8757782E-001
 11.8944, 5.8841705E-001
 11.9070, 5.8700562E-001
 11.9196, 5.8761597E-001
 11.9322, 5.8700562E-001
 11.9448, 5.8742523E-001
 11.9574, 5.8738708E-001
 11.9700, 5.8769226E-001
 11.9826, 5.8845520E-001
 11.9952, 5.8773041E-001
 12.0078, 5.8788300E-001
 12.0204, 5.8685303E-001
 12.0330, 5.8734894E-001
 12.0456, 5.8799744E-001
 12.0582, 5.9009552E-001
 12.0708, 5.8681488E-001
 12.0834, 5.8662415E-001
 12.0960, 5.8624268E-001
 12.1086, 5.8647156E-001
 12.1212, 5.8715820E-001
 12.1338, 5.8753967E-001
 12.1464, 5.8891296E-001
 12.1590, 5.8677673E-001
 12.1716, 5.8742523E-001
 12.1842, 5.8567047E-001
 12.1968, 5.8750153E-001
 12.2094, 5.8753967E-001
 12.2220, 5.8769226E-001
 12.2346, 5.8830261E-001
 12.2472, 5.8727264E-001
 12.2598, 5.8788300E-001
 12.2724, 5.8704376E-001
 12.2850, 5.8792114E-001
 12.2976, 5.8849335E-001
 12.3102, 5.8906555E-001
 12.3228, 5.8780670E-001
 12.3354, 5.8750153E-001
 12.3480, 5.8681488E-001
 12.3606, 5.8738708E-001
 12.3732, 5.8803558E-001
 12.3858, 5.8776855E-001
 12.3984, 5.8845520E-001
 12.4110, 5.8723450E-001
 12.4236, 5.8818817E-001
 12.4362, 5.8696747E-001
 12.4488, 5.8792114E-001
 12.4614, 5.8780670E-001
 12.4740, 5.8830261E-001
 12.4866, 5.8799744E-001
 12.4992, 5.8780670E-001
 12.5118, 5.8765411E-001
 12.5244, 5.8650970E-001
 12.5370, 5.8948517E-001
 12.5496, 5.8799744E-001
 12.5622, 5.8864594E-001
 12.5748, 5.8780670E-001
 12.5874, 5.8757782E-001
 12.6000, 5.8715820E-001
 12.6126, 5.8807373E-001
 12.6252, 5.8719635E-001
 12.6378, 5.8811188E-001
 12.6504, 5.8845520E-001
 12.6630, 5.8769226E-001
 12.6756, 5.8815002E-001
 12.6882, 5.8727264E-001
 12.7008, 5.8811188E-001
 12.7134, 5.8738708E-001
 12.7260, 5.8773041E-001
 12.7386, 5.8765411E-001
 12.7512, 5.8746338E-001
 12.7638, 5.8704376E-001
 12.7764, 5.8708191E-001
 12.7890, 5.8753967E-001
 12.8016, 5.8818817E-001
 12.8142, 5.8902740E-001
 12.8268, 5.8795929E-001
 12.8394, 5.8845520E-001
 12.8520, 5.8830261E-001
 12.8646, 5.8830261E-001
 12.8772, 5.8822632E-001
 12.8898, 5.8921814E-001
 12.9024, 5.8902740E-001
 12.9150, 5.8753967E-001
 12.9276, 5.8792114E-001
 12.9402, 5.8753967E-001
 12.9528, 5.8849335E-001
 12.9654, 5.8773041E-001
 12.9780, 5.8898926E-001
 12.9906, 5.8795929E-001
 13.0032, 5.8792114E-001
 13.0158, 5.8719635E-001
 13.0284, 5.8700562E-001
 13.0410, 5.8734894E-001
 13.0536, 5.8738708E-001
 13.0662, 5.8845520E-001
 13.0788, 5.8887482E-001
 13.0914, 5.8757782E-001
 13.1040, 5.8689117E-001
 13.1166, 5.8837891E-001
 13.1292, 5.8845520E-001
 13.1418, 5.8914185E-001
 13.1544, 5.8830261E-001
 13.1670, 5.8860779E-001
 13.1796, 5.8811188E-001
 13.1922, 5.8723450E-001
 13.2048, 5.8586121E-001
 13.2174, 5.8631897E-001
 13.2300, 5.8734894E-001
 13.2426, 5.8547974E-001
 13.2552, 5.8567047E-001
 13.2678, 5.8593750E-001
 13.2804, 5.8742523E-001
 13.2930, 5.8723450E-001
 13.3056, 5.8719635E-001
 13.3182, 5.8845520E-001
 13.3308, 5.8647156E-001
 13.3434, 5.8731079E-001
 13.3560, 5.8692932E-001
 13.3686, 5.8593750E-001
 13.3812, 5.8570862E-001
 13.3938, 5.8727264E-001
 13.4064, 5.8586121E-001
 13.4190, 5.8635712E-001
 13.4316, 5.8567047E-001
 13.4442, 5.8673859E-001
 13.4568, 5.8723450E-001
 13.4694, 5.8731079E-001
 13.4820, 5.8761597E-001
 13.4946, 5.8578491E-001
 13.5072, 5.8628082E-001
 13.5198, 5.8494568E-001
 13.5324, 5.8639526E-001
 13.5450, 5.8555603E-001
 13.5576, 5.8673859E-001
 13.5702, 5.8570862E-001
 13.5828, 5.8578491E-001
 13.5954, 5.8681488E-001
 13.6080, 5.8551788E-001
 13.6206, 5.8738708E-001
 13.6332, 5.8689117E-001
 13.6458, 5.8826447E-001
 13.6584, 5.8624268E-001
 13.6710, 5.8673859E-001
 13.6836, 5.8521271E-001
 13.6962, 5.8578491E-001
 13.7088, 5.8570862E-001
 13.7214, 5.8605194E-001
 13.7340, 5.8639526E-001
 13.7466, 5.8647156E-001
 13.7592, 5.8670044E-001
 13.7718, 5.8677673E-001
 13.7844, 5.8731079E-001
 13.7970, 5.8696747E-001
 13.8096, 5.8750153E-001
 13.8222, 5.8765411E-001
 13.8348, 5.8639526E-001
 13.8474, 5.8609009E-001
 13.8600, 5.8635712E-001
 13.8726, 5.8631897E-001
 13.8852, 5.8601379E-001
 13.8978, 5.8750153E-001
 13.9104, 5.8616638E-001
 13.9230, 5.8914185E-001
 13.9356, 5.8635712E-001
 13.9482, 5.8769226E-001
 13.9608, 5.8677673E-001
 13.9734, 5.8815002E-001
 13.9860, 5.8731079E-001
 13.9986, 5.8715820E-001
 14.0112, 5.8654785E-001
 14.0238, 5.8601379E-001
 14.0364, 5.8700562E-001
 14.0490, 5.8666229E-001
 14.0616, 5.8776855E-001
 14.0742, 5.8643341E-001
 14.0868, 5.8692932E-001
 14.0994, 5.8689117E-001
 14.1120, 5.8727264E-001
 14.1246, 5.8681488E-001
 14.1372, 5.8921814E-001
 14.1498, 5.8826447E-001
 14.1624, 5.8696747E-001
 14.1750, 5.8723450E-001
 14.1876, 5.8586121E-001
 14.2002, 5.8685303E-001
 14.2128, 5.8620453E-001
 14.2254, 5.8719635E-001
 14.2380, 5.8666229E-001
 14.2506, 5.8574677E-001
 14.2632, 5.8704376E-001
 14.2758, 5.8616638E-001
 14.2884, 5.8750153E-001
 14.3010, 5.8731079E-001
 14.3136, 5.8815002E-001
 14.3262, 5.8719635E-001
 14.3388, 5.8689117E-001
 14.3514, 5.8589935E-001
 14.3640, 5.8654785E-001
 14.3766, 5.8654785E-001
 14.3892, 5.8719635E-001
 14.4018, 5.8635712E-001
 14.4144, 5.8750153E-001
 14.4270, 5.8624268E-001
 14.4396, 5.8750153E-001
 14.4522, 5.8723450E-001
 14.4648, 5.8837891E-001
 14.4774, 5.8811188E-001
 14.4900, 5.8662415E-001
 14.5026, 5.8601379E-001
 14.5152, 5.8666229E-001
 14.5278, 5.8609009E-001
 14.5404, 5.8662415E-001
 14.5530, 5.8815002E-001
 14.5656, 5.8937073E-001
 14.5782, 5.8670044E-001
 14.5908, 5.8734894E-001
 14.6034, 5.8643341E-001
 14.6160, 5.8940887E-001
 14.6286, 5.8700562E-001
 14.6412, 5.8753967E-001
 14.6538, 5.8826447E-001
 14.6664, 5.8715820E-001
 14.6790, 5.8727264E-001
 14.6916, 5.8898926E-001
 14.7042, 5.8734894E-001
 14.7168, 5.8765411E-001
 14.7294, 5.8746338E-001
 14.7420, 5.8967590E-001
 14.7546, 5.8834076E-001
 14.7672, 5.8750153E-001
 14.7798, 5.8937073E-001
 14.7924, 5.8925629E-001
 14.8050, 5.8818817E-001
 14.8176, 5.8929443E-001
 14.8302, 5.8822632E-001
 14.8428, 5.8822632E-001
 14.8554, 5.8673859E-001
 14.8680, 5.8769226E-001
 14.8806, 5.8959961E-001
 14.8932, 5.8959961E-001
 14.9058, 5.8719635E-001
 14.9184, 5.8910370E-001
 14.9310, 5.8853149E-001
 14.9436, 5.8849335E-001
 14.9562, 5.8837891E-001
 14.9688, 5.8795929E-001
 14.9814, 5.8917999E-001
 14.9940, 5.8784485E-001
 15.0066, 5.8837891E-001
 15.0192, 5.8761597E-001
 15.0318, 5.8906555E-001
 15.0444, 5.8815002E-001
 15.0570, 5.8906555E-001
 15.0696, 5.8933258E-001
 15.0822, 5.8891296E-001
 15.0948, 5.8807373E-001
 15.1074, 5.8773041E-001
 15.1200, 5.8868408E-001
 15.1326, 5.8883667E-001
 15.1452, 5.8940887E-001
 15.1578, 5.8849335E-001
 15.1704, 5.8811188E-001
 15.1830, 5.8731079E-001
 15.1956, 5.8826447E-001
 15.2082, 5.8776855E-001
 15.2208, 5.8872223E-001
 15.2334, 5.8807373E-001
 15.2460, 5.8757782E-001
 15.2586, 5.8822632E-001
 15.2712, 5.8734894E-001
 15.2838, 5.8788300E-001
 15.2964, 5.8780670E-001
 15.3090, 5.8879852E-001
 15.3216, 5.8822632E-001
 15.3342, 5.8742523E-001
 15.3468, 5.8776855E-001
 15.3594, 5.8761597E-001
 15.3720, 5.8822632E-001
 15.3846, 5.8815002E-001
 15.3972, 5.8925629E-001
 15.4098, 5.8769226E-001
 15.4224, 5.8631897E-001
 15.4350, 5.8551788E-001
 15.4476, 5.8616638E-001
 15.4602, 5.8578491E-001
 15.4728, 5.8666229E-001
 15.4854, 5.8624268E-001
 15.4980, 5.8597565E-001
 15.5106, 5.8578491E-001
 15.5232, 5.8704376E-001
 15.5358, 5.8628082E-001
 15.5484, 5.8624268E-001
 15.5610, 5.8704376E-001
 15.5736, 5.8616638E-001
 15.5862, 5.8639526E-001
 15.5988, 5.8578491E-001
 15.6114, 5.8574677E-001
 15.6240, 5.8670044E-001
 15.6366, 5.8727264E-001
 15.6492, 5.8692932E-001
 15.6618, 5.8589935E-001
 15.6744, 5.8612823E-001
 15.6870, 5.8513641E-001
 15.6996, 5.8605194E-001
 15.7122, 5.8605194E-001
 15.7248, 5.8761597E-001
 15.7374, 5.8601379E-001
 15.7500, 5.8578491E-001
 15.7626, 5.8567047E-001
 15.7752, 5.8589935E-001
 15.7878, 5.8609009E-001
 15.8004, 5.8826447E-001
 15.8130, 5.8925629E-001
 15.8256, 5.8792114E-001
 15.8382, 5.8795929E-001
 15.8508, 5.8750153E-001
 15.8634, 5.8784485E-001
 15.8760, 5.8807373E-001
 15.8886, 5.8841705E-001
 15.9012, 5.8815002E-001
 15.9138, 5.8715820E-001
 15.9264, 5.8612823E-001
 15.9390, 5.8715820E-001
 15.9516, 5.8784485E-001
 15.9642, 5.8761597E-001
 15.9768, 5.8845520E-001
 15.9894, 5.8818817E-001
 16.0020, 5.8807373E-001
 16.0146, 5.8769226E-001
 16.0272, 5.8776855E-001
 16.0398, 5.8723450E-001
 16.0524, 5.8795929E-001
 16.0650, 5.8860779E-001
 16.0776, 5.8742523E-001
 16.0902, 5.8776855E-001
 16.1028, 5.8555603E-001
 16.1154, 5.8837891E-001
 16.1280, 5.8780670E-001
 16.1406, 5.8959961E-001
 16.1532, 5.8933258E-001
 16.1658, 5.8860779E-001
 16.1784, 5.8765411E-001
 16.1910, 5.8719635E-001
 16.2036, 5.8692932E-001
 16.2162, 5.8704376E-001
 16.2288, 5.8765411E-001
 16.2414, 5.8677673E-001
 16.2540, 5.8776855E-001
 16.2666, 5.8780670E-001
 16.2792, 5.8872223E-001
 16.2918, 5.8864594E-001
 16.3044, 5.8967590E-001
 16.3170, 5.8967590E-001
 16.3296, 5.8818817E-001
 16.3422, 5.8815002E-001
 16.3548, 5.8670044E-001
 16.3674, 5.8738708E-001
 16.3800, 5.8750153E-001
 16.3926, 5.8822632E-001
 16.4052, 5.8704376E-001
 16.4178, 5.8803558E-001
 16.4304, 5.8601379E-001
 16.4430, 5.8784485E-001
 16.4556, 5.8727264E-001
 16.4682, 5.8845520E-001
 16.4808, 5.8933258E-001
 16.4934, 5.8776855E-001
 16.5060, 5.8803558E-001
 16.5186, 5.8601379E-001
 16.5312, 5.8757782E-001
 16.5438, 5.8689117E-001
 16.5564, 5.8818817E-001
 16.5690, 5.8731079E-001
 16.5816, 5.8776855E-001
 16.5942, 5.8837891E-001
 16.6068, 5.8807373E-001
 16.6194, 5.8868408E-001
 16.6320, 5.8750153E-001
 16.6446, 5.8921814E-001
 16.6572, 5.8841705E-001
 16.6698, 5.8815002E-001
 16.6824, 5.8673859E-001
 16.6950, 5.8715820E-001
 16.7076, 5.8727264E-001
 16.7202, 5.8799744E-001
 16.7328, 5.8860779E-001
 16.7454, 5.8815002E-001
 16.7580, 5.8643341E-001
 16.7706, 5.8734894E-001
 16.7832, 5.8742523E-001
 16.7958, 5.8666229E-001
 16.8084, 5.8830261E-001
 16.8210, 5.8811188E-001
 16.8336, 5.8742523E-001
 16.8462, 5.8818817E-001
 16.8588, 5.8689117E-001
 16.8714, 5.8742523E-001
 16.8840, 5.8708191E-001
 16.8966, 5.8715820E-001
 16.9092, 5.8628082E-001
 16.9218, 5.8696747E-001
 16.9344, 5.8662415E-001
 16.9470, 5.8750153E-001
 16.9596, 5.8692932E-001
 16.9722, 5.9001923E-001
 16.9848, 5.8937073E-001
 16.9974, 5.8887482E-001
 17.0100, 5.8937073E-001
 17.0226, 5.8555603E-001
 17.0352, 5.8631897E-001
 17.0478, 5.8616638E-001
 17.0604, 5.8708191E-001
 17.0730, 5.8647156E-001
 17.0856, 5.8666229E-001
 17.0982, 5.8593750E-001
 17.1108, 5.8742523E-001
 17.1234, 5.8738708E-001
 17.1360, 5.8712006E-001
 17.1486, 5.8837891E-001
 17.1612, 5.8609009E-001
 17.1738, 5.8670044E-001
 17.1864, 5.8597565E-001
 17.1990, 5.8658600E-001
 17.2116, 5.8643341E-001
 17.2242, 5.8708191E-001
 17.2368, 5.8601379E-001
 17.2494, 5.8597565E-001
 17.2620, 5.8612823E-001
 17.2746, 5.8582306E-001
 17.2872, 5.8708191E-001
 17.2998, 5.8685303E-001
 17.3124, 5.8784485E-001
 17.3250, 5.8666229E-001
 17.3376, 5.8727264E-001
 17.3502, 5.8612823E-001
 17.3628, 5.8624268E-001
 17.3754, 5.8662415E-001
 17.3880, 5.8631897E-001
 17.4006, 5.8635712E-001
 17.4132, 5.8597565E-001
 17.4258, 5.8647156E-001
 17.4384, 5.8574677E-001
 17.4510, 5.8715820E-001
 17.4636, 5.8723450E-001
 17.4762, 5.8803558E-001
 17.4888, 5.8639526E-001
 17.5014, 5.8673859E-001
 17.5140, 5.8654785E-001
 17.5266, 5.8662415E-001
 17.5392, 5.8715820E-001
 17.5518, 5.8761597E-001
 17.5644, 5.8742523E-001
 17.5770, 5.8597565E-001
 17.5896, 5.8631897E-001
 17.6022, 5.8628082E-001
 17.6148, 5.8731079E-001
 17.6274, 5.8704376E-001
 17.6400, 5.8959961E-001
 17.6526, 5.8784485E-001
 17.6652, 5.8643341E-001
 17.6778, 5.8731079E-001
 17.6904, 5.8654785E-001
 17.7030, 5.8681488E-001
 17.7156, 5.8708191E-001
 17.7282, 5.8795929E-001
 17.7408, 5.8650970E-001
 17.7534, 5.8738708E-001
 17.7660, 5.8605194E-001
 17.7786, 5.8689117E-001
 17.7912, 5.8609009E-001
 17.8038, 5.8681488E-001
 17.8164, 5.8761597E-001
 17.8290, 5.8570862E-001
 17.8416, 5.8715820E-001
 17.8542, 5.8635712E-001
 17.8668, 5.8841705E-001
 17.8794, 5.8807373E-001
 17.8920, 5.8792114E-001
 17.9046, 5.8635712E-001
 17.9172, 5.8761597E-001
 17.9298, 5.8536530E-001
 17.9424, 5.8567047E-001
 17.9550, 5.8582306E-001
 17.9676, 5.8624268E-001
 17.9802, 5.8681488E-001
 17.9928, 5.8506012E-001
 18.0054, 5.8593750E-001
 18.0180, 5.8631897E-001
 18.0306, 5.8673859E-001
 18.0432, 5.8658600E-001
 18.0558, 5.8719635E-001
 18.0684, 5.8746338E-001
 18.0810, 5.8597565E-001
 18.0936, 5.8727264E-001
 18.1062, 5.8589935E-001
 18.1188, 5.8696747E-001
 18.1314, 5.8673859E-001
 18.1440, 5.8769226E-001
 18.1566, 5.8593750E-001
 18.1692, 5.8700562E-001
 18.1818, 5.8551788E-001
 18.1944, 5.8853149E-001
 18.2070, 5.8624268E-001
 18.2196, 5.8654785E-001
 18.2322, 5.8704376E-001
 18.2448, 5.8609009E-001
 18.2574, 5.8612823E-001
 18.2700, 5.8494568E-001
 18.2826, 5.8601379E-001
 18.2952, 5.8597565E-001
 18.3078, 5.8666229E-001
 18.3204, 5.8677673E-001
 18.3330, 5.8582306E-001
 18.3456, 5.8723450E-001
 18.3582, 5.8593750E-001
 18.3708, 5.8647156E-001
 18.3834, 5.8643341E-001
 18.3960, 5.8681488E-001
 18.4086, 5.8597565E-001
 18.4212, 5.8685303E-001
 18.4338, 5.8547974E-001
 18.4464, 5.8658600E-001
 18.4590, 5.8605194E-001
 18.4716, 5.8685303E-001
 18.4842, 5.8612823E-001
 18.4968, 5.8551788E-001
 18.5094, 5.8586121E-001
 18.5220, 5.8605194E-001
 18.5346, 5.8597565E-001
 18.5472, 5.8662415E-001
 18.5598, 5.8647156E-001
 18.5724, 5.8593750E-001
 18.5850, 5.8765411E-001
 18.5976, 5.8574677E-001
 18.6102, 5.8620453E-001
 18.6228, 5.8601379E-001
 18.6354, 5.8620453E-001
 18.6480, 5.8815002E-001
 18.6606, 5.8555603E-001
 18.6732, 5.8609009E-001
 18.6858, 5.8555603E-001
 18.6984, 5.8624268E-001
 18.7110, 5.8715820E-001
 18.7236, 5.8818817E-001
 18.7362, 5.8593750E-001
 18.7488, 5.8670044E-001
 18.7614, 5.8715820E-001
 18.7740, 5.8544159E-001
 18.7866, 5.8696747E-001
 18.7992, 5.8616638E-001
 18.8118, 5.8719635E-001
 18.8244, 5.8616638E-001
 18.8370, 5.8647156E-001
 18.8496, 5.8547974E-001
 18.8622, 5.8639526E-001
 18.8748, 5.8708191E-001
 18.8874, 5.8773041E-001
 18.9000, 5.8769226E-001
 18.9126, 5.8715820E-001
 18.9252, 5.8612823E-001
 18.9378, 5.8570862E-001
 18.9504, 5.8639526E-001
 18.9630, 5.8635712E-001
 18.9756, 5.8757782E-001
 18.9882, 5.8685303E-001
 19.0008, 5.8631897E-001
 19.0134, 5.8673859E-001
 19.0260, 5.8696747E-001
 19.0386, 5.8746338E-001
 19.0512, 5.8765411E-001
 19.0638, 5.8826447E-001
 19.0764, 5.8872223E-001
 19.0890, 5.8910370E-001
 19.1016, 5.8818817E-001
 19.1142, 5.8967590E-001
 19.1268, 5.8864594E-001
 19.1394, 5.8998108E-001
 19.1520, 5.8944702E-001
 19.1646, 5.8837891E-001
 19.1772, 5.8914185E-001
 19.1898, 5.8815002E-001
 19.2024, 5.8944702E-001
 19.2150, 5.8883667E-001
 19.2276, 5.9070587E-001
 19.2402, 5.8898926E-001
 19.2528, 5.8944702E-001
 19.2654, 5.8845520E-001
 19.2780, 5.8929443E-001
 19.2906, 5.8898926E-001
 19.3032, 5.8898926E-001
 19.3158, 5.8933258E-001
 19.3284, 5.8799744E-001
 19.3410, 5.8887482E-001
 19.3536, 5.8704376E-001
 19.3662, 5.8837891E-001
 19.3788, 5.8849335E-001
 19.3914, 5.8975220E-001
 19.4040, 5.8803558E-001
 19.4166, 5.8917999E-001
 19.4292, 5.8635712E-001
 19.4418, 5.8662415E-001
 19.4544, 5.8792114E-001
 19.4670, 5.8727264E-001
 19.4796, 5.8849335E-001
 19.4922, 5.8734894E-001
 19.5048, 5.8723450E-001
 19.5174, 5.8750153E-001
 19.5300, 5.8868408E-001
 19.5426, 5.8834076E-001
 19.5552, 5.8891296E-001
 19.5678, 5.8818817E-001
 19.5804, 5.8761597E-001
 19.5930, 5.8872223E-001
 19.6056, 5.8692932E-001
 19.6182, 5.8731079E-001
 19.6308, 5.8746338E-001
 19.6434, 5.8784485E-001
 19.6560, 5.8677673E-001
 19.6686, 5.8731079E-001
 19.6812, 5.8731079E-001
 19.6938, 5.8780670E-001
 19.7064, 5.8902740E-001
 19.7190, 5.8830261E-001
 19.7316, 5.8967590E-001
 19.7442, 5.8769226E-001
 19.7568, 5.8815002E-001
 19.7694, 5.8723450E-001
 19.7820, 5.8841705E-001
 19.7946, 5.8837891E-001
 19.8072, 5.8906555E-001
 19.8198, 5.8818817E-001
 19.8324, 5.8734894E-001
 19.8450, 5.8784485E-001
 19.8576, 5.8750153E-001
 19.8702, 5.8818817E-001
 19.8828, 5.8902740E-001
 19.8954, 5.8933258E-001
 19.9080, 5.8803558E-001
 19.9206, 5.8860779E-001
 19.9332, 5.8750153E-001
 19.9458, 5.8845520E-001
 19.9584, 5.8734894E-001
 19.9710, 5.8784485E-001
 19.9836, 5.8799744E-001
 19.9962, 5.8811188E-001
 20.0088, 5.8750153E-001
 20.0214, 5.8658600E-001
 20.0340, 5.8750153E-001
 20.0466, 5.8757782E-001
 20.0592, 5.8815002E-001
 20.0718, 5.8731079E-001
 20.0844, 5.8776855E-001
 20.0970, 5.8727264E-001
 20.1096, 5.8837891E-001
 20.1222, 5.8822632E-001
 20.1348, 5.8807373E-001
 20.1474, 5.8898926E-001
 20.1600, 5.8765411E-001
 20.1726, 5.8818817E-001
 20.1852, 5.8647156E-001
 20.1978, 5.8776855E-001
 20.2104, 5.8792114E-001
 20.2230, 5.8799744E-001
 20.2356, 5.8757782E-001
 20.2482, 5.8837891E-001
 20.2608, 5.8803558E-001
 20.2734, 5.8757782E-001
 20.2860, 5.8917999E-001
 20.2986, 5.8799744E-001
 20.3112, 5.9020996E-001
 20.3238, 5.8864594E-001
 20.3364, 5.8879852E-001
 20.3490, 5.8818817E-001
 20.3616, 5.8963776E-001
 20.3742, 5.8780670E-001
 20.3868, 5.8944702E-001
 20.3994, 5.8929443E-001
 20.4120, 5.8929443E-001
 20.4246, 5.8937073E-001
 20.4372, 5.8807373E-001
 20.4498, 5.8990479E-001
 20.4624, 5.8963776E-001
 20.4750, 5.9005737E-001
 20.4876, 5.8883667E-001
 20.5002, 5.8940887E-001
 20.5128, 5.8902740E-001
 20.5254, 5.8624268E-001
 20.5380, 5.8853149E-001
 20.5506, 5.8925629E-001
 20.5632, 5.8948517E-001
 20.5758, 5.8795929E-001
 20.5884, 5.8834076E-001
 20.6010, 5.8792114E-001
 20.6136, 5.8902740E-001
 20.6262, 5.8906555E-001
 20.6388, 5.8876038E-001
 20.6514, 5.8933258E-001
 20.6640, 5.8841705E-001
 20.6766, 5.8815002E-001
 20.6892, 5.8757782E-001
 20.7018, 5.8990479E-001
 20.7144, 5.8757782E-001
 20.7270, 5.8841705E-001
 20.7396, 5.8887482E-001
 20.7522, 5.8948517E-001
 20.7648, 5.8864594E-001
 20.7774, 5.8929443E-001
 20.7900, 5.8876038E-001
 20.8026, 5.8898926E-001
 20.8152, 5.8811188E-001
 20.8278, 5.8830261E-001
 20.8404, 5.8856964E-001
 20.8530, 5.8757782E-001
 20.8656, 5.8845520E-001
 20.8782, 5.8715820E-001
 20.8908, 5.8959961E-001
 20.9034, 5.8673859E-001
 20.9160, 5.8834076E-001
 20.9286, 5.8685303E-001
 20.9412, 5.8750153E-001
 20.9538, 5.8826447E-001
 20.9664, 5.8681488E-001
 20.9790, 5.8795929E-001
 20.9916, 5.8662415E-001
 21.0042, 5.8738708E-001
 21.0168, 5.8601379E-001
 21.0294, 5.8700562E-001
 21.0420, 5.8692932E-001
 21.0546, 5.8742523E-001
 21.0672, 5.8704376E-001
 21.0798, 5.8876038E-001
 21.0924, 5.8856964E-001
 21.1050, 5.8776855E-001
 21.1176, 5.8856964E-001
 21.1302, 5.8658600E-001
 21.1428, 5.8708191E-001
 21.1554, 5.8593750E-001
 21.1680, 5.8704376E-001
 21.1806, 5.8574677E-001
 21.1932, 5.8673859E-001
 21.2058, 5.8605194E-001
 21.2184, 5.8681488E-001
 21.2310, 5.8704376E-001
 21.2436, 5.8731079E-001
 21.2562, 5.8612823E-001
 21.2688, 5.8803558E-001
 21.2814, 5.8937073E-001
 21.2940, 5.8853149E-001
 21.3066, 5.8818817E-001
 21.3192, 5.8906555E-001
 21.3318, 5.8898926E-001
 21.3444, 5.8906555E-001
 21.3570, 5.8845520E-001
 21.3696, 5.8906555E-001
 21.3822, 5.8612823E-001
 21.3948, 5.8704376E-001
 21.4074, 5.8578491E-001
 21.4200, 5.8685303E-001
 21.4326, 5.8849335E-001
 21.4452, 5.8944702E-001
 21.4578, 5.8757782E-001
 21.4704, 5.8681488E-001
 21.4830, 5.8673859E-001
 21.4956, 5.8628082E-001
 21.5082, 5.8662415E-001
 21.5208, 5.8513641E-001
 21.5334, 5.8853149E-001
 21.5460, 5.8952332E-001
 21.5586, 5.8826447E-001
 21.5712, 5.8864594E-001
 21.5838, 5.8891296E-001
 21.5964, 5.8570862E-001
 21.6090, 5.8689117E-001
 21.6216, 5.8898926E-001
 21.6342, 5.8677673E-001
 21.6468, 5.8715820E-001
 21.6594, 5.8559418E-001
 21.6720, 5.8570862E-001
 21.6846, 5.8521271E-001
 21.6972, 5.8609009E-001
 21.7098, 5.8879852E-001
 21.7224, 5.9051514E-001
 21.7350, 5.8635712E-001
 21.7476, 5.8624268E-001
 21.7602, 5.8670044E-001
 21.7728, 5.8776855E-001
 21.7854, 5.8738708E-001
 21.7980, 5.8658600E-001
 21.8106, 5.8738708E-001
 21.8232, 5.8895111E-001
 21.8358, 5.8917999E-001
 21.8484, 5.8757782E-001
 21.8610, 5.8902740E-001
 21.8736, 5.8658600E-001
 21.8862, 5.8723450E-001
 21.8988, 5.8761597E-001
 21.9114, 5.8666229E-001
 21.9240, 5.8666229E-001
 21.9366, 5.8609009E-001
 21.9492, 5.8692932E-001
 21.9618, 5.8605194E-001
 21.9744, 5.8773041E-001
 21.9870, 5.8609009E-001
 21.9996, 5.8670044E-001
 22.0122, 5.8593750E-001
 22.0248, 5.8643341E-001
 22.0374, 5.8799744E-001
 22.0500, 5.8662415E-001
 22.0626, 5.8757782E-001
 22.0752, 5.8601379E-001
 22.0878, 5.8700562E-001
 22.1004, 5.8765411E-001
 22.1130, 5.8670044E-001
 22.1256, 5.8677673E-001
 22.1382, 5.8883667E-001
 22.1508, 5.8734894E-001
 22.1634, 5.8670044E-001
 22.1760, 5.8696747E-001
 22.1886, 5.8658600E-001
 22.2012, 5.8727264E-001
 22.2138, 5.8700562E-001
 22.2264, 5.8753967E-001
 22.2390, 5.8723450E-001
 22.2516, 5.8673859E-001
 22.2642, 5.8601379E-001
 22.2768, 5.8647156E-001
 22.2894, 5.8765411E-001
 22.3020, 5.8761597E-001
 22.3146, 5.8822632E-001
 22.3272, 5.8662415E-001
 22.3398, 5.8723450E-001
 22.3524, 5.8624268E-001
 22.3650, 5.8841705E-001
 22.3776, 5.8723450E-001
 22.3902, 5.8776855E-001
 22.4028, 5.8670044E-001
 22.4154, 5.8677673E-001
 22.4280, 5.8620453E-001
 22.4406, 5.8586121E-001
 22.4532, 5.8715820E-001
 22.4658, 5.8753967E-001
 22.4784, 5.8795929E-001
 22.4910, 5.8750153E-001
 22.5036, 5.8784485E-001
 22.5162, 5.8715820E-001
 22.5288, 5.8818817E-001
 22.5414, 5.8765411E-001
 22.5540, 5.8876038E-001
 22.5666, 5.8837891E-001
 22.5792, 5.8776855E-001
 22.5918, 5.8784485E-001
 22.6044, 5.8704376E-001
 22.6170, 5.8784485E-001
 22.6296, 5.8788300E-001
 22.6422, 5.8864594E-001
 22.6548, 5.8731079E-001
 22.6674, 5.8795929E-001
 22.6800, 5.8731079E-001
 22.6926, 5.8780670E-001
 22.7052, 5.8811188E-001
 22.7178, 5.8792114E-001
 22.7304, 5.8906555E-001
 22.7430, 5.8738708E-001
 22.7556, 5.8792114E-001
 22.7682, 5.8677673E-001
 22.7808, 5.8788300E-001
 22.7934, 5.8742523E-001
 22.8060, 5.8902740E-001
 22.8186, 5.8723450E-001
 22.8312, 5.8769226E-001
 22.8438, 5.8734894E-001
 22.8564, 5.8761597E-001
 22.8690, 5.8807373E-001
 22.8816, 5.8784485E-001
 22.8942, 5.8933258E-001
 22.9068, 5.8837891E-001
 22.9194, 5.8868408E-001
 22.9320, 5.8753967E-001
 22.9446, 5.8807373E-001
 22.9572, 5.8830261E-001
 22.9698, 5.8868408E-001
 22.9824, 5.8898926E-001
 22.9950, 5.8727264E-001
 23.0076, 5.8753967E-001
 23.0202, 5.8715820E-001
 23.0328, 5.8776855E-001
 23.0454, 5.8822632E-001
 23.0580, 5.8906555E-001
 23.0706, 5.8788300E-001
 23.0832, 5.8795929E-001
 23.0958, 5.8666229E-001
 23.1084, 5.8708191E-001
 23.1210, 5.8738708E-001
 23.1336, 5.8738708E-001
 23.1462, 5.8876038E-001
 23.1588, 5.8734894E-001
 23.1714, 5.8792114E-001
 23.1840, 5.8742523E-001
 23.1966, 5.8788300E-001
 23.2092, 5.8795929E-001
 23.2218, 5.8876038E-001
 23.2344, 5.8837891E-001
 23.2470, 5.8700562E-001
 23.2596, 5.8738708E-001
 23.2722, 5.8784485E-001
 23.2848, 5.8769226E-001
 23.2974, 5.8879852E-001
 23.3100, 5.8868408E-001
 23.3226, 5.8742523E-001
 23.3352, 5.8746338E-001
 23.3478, 5.8574677E-001
 23.3604, 5.8765411E-001
 23.3730, 5.8807373E-001
 23.3856, 5.8876038E-001
 23.3982, 5.8830261E-001
 23.4108, 5.8738708E-001
 23.4234, 5.8731079E-001
 23.4360, 5.8715820E-001
 23.4486, 5.8742523E-001
 23.4612, 5.8780670E-001
 23.4738, 5.8807373E-001
 23.4864, 5.8700562E-001
 23.4990, 5.8769226E-001
 23.5116, 5.8734894E-001
 23.5242, 5.8731079E-001
 23.5368, 5.8837891E-001
 23.5494, 5.8837891E-001
 23.5620, 5.8872223E-001
 23.5746, 5.8738708E-001
 23.5872, 5.8788300E-001
 23.5998, 5.8723450E-001
 23.6124, 5.8753967E-001
 23.6250, 5.8769226E-001
 23.6376, 5.8864594E-001
 23.6502, 5.8830261E-001
 23.6628, 5.8780670E-001
 23.6754, 5.8761597E-001
 23.6880, 5.8662415E-001
 23.7006, 5.8731079E-001
 23.7132, 5.8738708E-001
 23.7258, 5.8727264E-001
 23.7384, 5.8677673E-001
 23.7510, 5.8658600E-001
 23.7636, 5.8700562E-001
 23.7762, 5.8616638E-001
 23.7888, 5.8605194E-001
 23.8014, 5.8612823E-001
 23.8140, 5.8746338E-001
 23.8266, 5.8616638E-001
 23.8392, 5.8563232E-001
 23.8518, 5.8483124E-001
 23.8644, 5.8609009E-001
 23.8770, 5.8574677E-001
 23.8896, 5.8689117E-001
 23.9022, 5.8597565E-001
 23.9148, 5.8685303E-001
 23.9274, 5.8624268E-001
 23.9400, 5.8536530E-001
 23.9526, 5.8563232E-001
 23.9652, 5.8593750E-001
 23.9778, 5.8700562E-001
 23.9904, 5.8536530E-001
 24.0030, 5.8567047E-001
 24.0156, 5.8479309E-001
 24.0282, 5.8601379E-001
 24.0408, 5.8547974E-001
 24.0534, 5.8692932E-001
 24.0660, 5.8734894E-001
 24.0786, 5.8654785E-001
 24.0912, 5.8624268E-001
 24.1038, 5.8650970E-001
 24.1164, 5.8811188E-001
 24.1290, 5.8738708E-001
 24.1416, 5.8872223E-001
 24.1542, 5.8742523E-001
 24.1668, 5.8769226E-001
 24.1794, 5.8547974E-001
 24.1920, 5.8597565E-001
 24.2046, 5.8757782E-001
 24.2172, 5.8666229E-001
 24.2298, 5.8689117E-001
 24.2424, 5.8643341E-001
 24.2550, 5.8692932E-001
 24.2676, 5.8620453E-001
 24.2802, 5.8780670E-001
 24.2928, 5.8696747E-001
 24.3054, 5.8765411E-001
 24.3180, 5.8700562E-001
 24.3306, 5.8643341E-001
 24.3432, 5.8761597E-001
 24.3558, 5.8601379E-001
 24.3684, 5.8708191E-001
 24.3810, 5.8647156E-001
 24.3936, 5.8757782E-001
 24.4062, 5.8673859E-001
 24.4188, 5.8727264E-001
 24.4314, 5.8643341E-001
 24.4440, 5.8727264E-001
 24.4566, 5.8666229E-001
 24.4692, 5.8738708E-001
 24.4818, 5.8723450E-001
 24.4944, 5.8643341E-001
 24.5070, 5.8692932E-001
 24.5196, 5.8567047E-001
 24.5322, 5.8792114E-001
 24.5448, 5.8696747E-001
 24.5574, 5.8769226E-001
 24.5700, 5.8654785E-001
 24.5826, 5.8677673E-001
 24.5952, 5.8597565E-001
 24.6078, 5.8631897E-001
 24.6204, 5.8727264E-001
 24.6330, 5.8803558E-001
 24.6456, 5.8853149E-001
 24.6582, 5.8753967E-001
 24.6708, 5.8727264E-001
 24.6834, 5.8609009E-001
 24.6960, 5.8673859E-001
 24.7086, 5.8658600E-001
 24.7212, 5.8780670E-001
 24.7338, 5.8685303E-001
 24.7464, 5.8712006E-001
 24.7590, 5.8692932E-001
 24.7716, 5.8628082E-001
 24.7842, 5.8742523E-001
 24.7968, 5.8696747E-001
 24.8094, 5.8780670E-001
 24.8220, 5.8662415E-001
 24.8346, 5.8662415E-001
 24.8472, 5.8650970E-001
 24.8598, 5.8727264E-001
 24.8724, 5.8681488E-001
 24.8850, 5.8757782E-001
 24.8976, 5.8742523E-001
 24.9102, 5.8670044E-001
 24.9228, 5.8658600E-001
 24.9354, 5.8597565E-001
 24.9480, 5.8746338E-001
 24.9606, 5.8746338E-001
 24.9732, 5.8773041E-001
 24.9858, 5.8723450E-001
 24.9984, 5.8670044E-001
 25.0110, 5.8597565E-001
 25.0236, 5.8662415E-001
 25.0362, 5.8681488E-001
 25.0488, 5.8597565E-001
 25.0614, 5.8834076E-001
 25.0740, 5.8670044E-001
 25.0866, 5.8647156E-001
 25.0992, 5.8540344E-001
 25.1118, 5.8670044E-001
 25.1244, 5.8692932E-001
 25.1370, 5.8780670E-001
 25.1496, 5.8738708E-001
 25.1622, 5.8612823E-001
 25.1748, 5.8692932E-001
 25.1874, 5.8601379E-001
 25.2000, 5.8708191E-001
 25.2126, 5.8704376E-001
 25.2252, 5.8765411E-001
 25.2378, 5.8692932E-001
 25.2504, 5.8673859E-001
 25.2630, 5.8586121E-001
 25.2756, 5.8658600E-001
 25.2882, 5.8662415E-001
 25.3008, 5.8731079E-001
 25.3134, 5.8826447E-001
 25.3260, 5.8586121E-001
 25.3386, 5.8696747E-001
 25.3512, 5.8601379E-001
 25.3638, 5.8803558E-001
 25.3764, 5.8704376E-001
 25.3890, 5.8727264E-001
 25.4016, 5.8647156E-001
 25.4142, 5.8715820E-001
 25.4268, 5.8673859E-001
 25.4394, 5.8631897E-001
 25.4520, 5.8738708E-001
 25.4646, 5.8719635E-001
 25.4772, 5.8776855E-001
 25.4898, 5.8650970E-001
 25.5024, 5.8673859E-001
 25.5150, 5.8612823E-001
 25.5276, 5.8670044E-001
 25.5402, 5.8685303E-001
 25.5528, 5.8776855E-001
 25.5654, 5.8765411E-001
 25.5780, 5.8677673E-001
 25.5906, 5.8662415E-001
 25.6032, 5.8597565E-001
 25.6158, 5.8673859E-001
 25.6284, 5.8670044E-001
 25.6410, 5.8776855E-001
 25.6536, 5.8696747E-001
 25.6662, 5.8662415E-001
 25.6788, 5.8605194E-001
 25.6914, 5.8563232E-001
 25.7040, 5.8624268E-001
 25.7166, 5.8689117E-001
 25.7292, 5.8837891E-001
 25.7418, 5.8696747E-001
 25.7544, 5.8719635E-001
 25.7670, 5.8670044E-001
 25.7796, 5.8696747E-001
 25.7922, 5.8631897E-001
 25.8048, 5.8734894E-001
 25.8174, 5.8719635E-001
 25.8300, 5.8692932E-001
 25.8426, 5.8696747E-001
 25.8552, 5.8586121E-001
 25.8678, 5.8734894E-001
 25.8804, 5.8712006E-001
 25.8930, 5.8780670E-001
 25.9056, 5.8689117E-001
 25.9182, 5.8704376E-001
 25.9308, 5.8582306E-001
 25.9434, 5.8692932E-001
 25.9560, 5.8700562E-001
 25.9686, 5.8757782E-001
 25.9812, 5.8849335E-001
 25.9938, 5.8624268E-001
 26.0064, 5.8734894E-001
 26.0190, 5.8612823E-001
 26.0316, 5.8673859E-001
 26.0442, 5.8696747E-001
 26.0568, 5.8799744E-001
 26.0694, 5.8635712E-001
 26.0820, 5.8647156E-001
 26.0946, 5.8567047E-001
 26.1072, 5.8639526E-001
 26.1198, 5.8696747E-001
 26.1324, 5.8696747E-001
 26.1450, 5.8799744E-001
 26.1576, 5.8616638E-001
 26.1702, 5.8685303E-001
 26.1828, 5.8601379E-001
 26.1954, 5.8677673E-001
 26.2080, 5.8692932E-001
 26.2206, 5.8742523E-001
 26.2332, 5.8715820E-001
 26.2458, 5.8837891E-001
 26.2584, 5.8761597E-001
 26.2710, 5.8635712E-001
 26.2836, 5.8696747E-001
 26.2962, 5.8670044E-001
 26.3088, 5.8761597E-001
 26.3214, 5.8692932E-001
 26.3340, 5.8731079E-001
 26.3466, 5.8559418E-001
 26.3592, 5.8727264E-001
 26.3718, 5.8727264E-001
 26.3844, 5.8734894E-001
 26.3970, 5.8780670E-001
 26.4096, 5.8647156E-001
 26.4222, 5.8696747E-001
 26.4348, 5.8540344E-001
 26.4474, 5.8624268E-001
 26.4600, 5.8593750E-001
 26.4726, 5.8685303E-001
 26.4852, 5.8628082E-001
 26.4978, 5.8570862E-001
 26.5104, 5.8521271E-001
 26.5230, 5.8734894E-001
 26.5356, 5.8601379E-001
 26.5482, 5.8616638E-001
 26.5608, 5.8685303E-001
 26.5734, 5.8654785E-001
 26.5860, 5.8601379E-001
 26.5986, 5.8551788E-001
 26.6112, 5.8647156E-001
 26.6238, 5.8578491E-001
 26.6364, 5.8654785E-001
 26.6490, 5.8624268E-001
 26.6616, 5.8551788E-001
 26.6742, 5.8586121E-001
 26.6868, 5.8452606E-001
 26.6994, 5.8582306E-001
 26.7120, 5.8547974E-001
 26.7246, 5.8692932E-001
 26.7372, 5.8570862E-001
 26.7498, 5.8586121E-001
 26.7624, 5.8490753E-001
 26.7750, 5.8586121E-001
 26.7876, 5.8601379E-001
 26.8002, 5.8597565E-001
 26.8128, 5.8658600E-001
 26.8254, 5.8578491E-001
 26.8380, 5.8563232E-001
 26.8506, 5.8597565E-001
 26.8632, 5.8696747E-001
 26.8758, 5.8639526E-001
 26.8884, 5.8773041E-001
 26.9010, 5.8723450E-001
 26.9136, 5.8723450E-001
 26.9262, 5.8620453E-001
 26.9388, 5.8616638E-001
 26.9514, 5.8681488E-001
 26.9640, 5.8662415E-001
 26.9766, 5.8792114E-001
 26.9892, 5.8654785E-001
 27.0018, 5.8662415E-001
 27.0144, 5.8601379E-001
 27.0270, 5.8700562E-001
 27.0396, 5.8662415E-001
 27.0522, 5.8723450E-001
 27.0648, 5.8742523E-001
 27.0774, 5.8628082E-001
 27.0900, 5.8696747E-001
 27.1026, 5.8605194E-001
 27.1152, 5.8750153E-001
 27.1278, 5.8628082E-001
 27.1404, 5.8769226E-001
 27.1530, 5.8654785E-001
 27.1656, 5.8677673E-001
 27.1782, 5.8601379E-001
 27.1908, 5.8647156E-001
 27.2034, 5.8666229E-001
 27.2160, 5.8750153E-001
 27.2286, 5.8803558E-001
 27.2412, 5.8658600E-001
 27.2538, 5.8677673E-001
 27.2664, 5.8601379E-001
 27.2790, 5.8658600E-001
 27.2916, 5.8700562E-001
 27.3042, 5.8658600E-001
 27.3168, 5.8670044E-001
 27.3294, 5.8681488E-001
 27.3420, 5.8681488E-001
 27.3546, 5.8605194E-001
 27.3672, 5.8723450E-001
 27.3798, 5.8654785E-001
 27.3924, 5.8837891E-001
 27.4050, 5.8685303E-001
 27.4176, 5.8746338E-001
 27.4302, 5.8635712E-001
 27.4428, 5.8635712E-001
 27.4554, 5.8708191E-001
 27.4680, 5.8715820E-001
 27.4806, 5.8673859E-001
 27.4932, 5.8624268E-001
 27.5058, 5.8662415E-001
 27.5184, 5.8609009E-001
 27.5310, 5.8658600E-001
 27.5436, 5.8761597E-001
 27.5562, 5.8769226E-001
 27.5688, 5.8715820E-001
 27.5814, 5.8727264E-001
 27.5940, 5.8578491E-001
 27.6066, 5.8666229E-001
 27.6192, 5.8662415E-001
 27.6318, 5.8704376E-001
 27.6444, 5.8799744E-001
 27.6570, 5.8643341E-001
 27.6696, 5.8666229E-001
 27.6822, 5.8582306E-001
 27.6948, 5.8727264E-001
 27.7074, 5.8677673E-001
 27.7200, 5.8811188E-001
 27.7326, 5.8784485E-001
 27.7452, 5.8750153E-001
 27.7578, 5.8704376E-001
 27.7704, 5.8624268E-001
 27.7830, 5.8742523E-001
 27.7956, 5.8685303E-001
 27.8082, 5.8761597E-001
 27.8208, 5.8673859E-001
 27.8334, 5.8670044E-001
 27.8460, 5.8532715E-001
 27.8586, 5.8654785E-001
 27.8712, 5.8673859E-001
 27.8838, 5.8677673E-001
 27.8964, 5.8670044E-001
 27.9090, 5.8662415E-001
 27.9216, 5.8746338E-001
 27.9342, 5.8578491E-001
 27.9468, 5.8689117E-001
 27.9594, 5.8570862E-001
 27.9720, 5.8765411E-001
 27.9846, 5.8635712E-001
 27.9972, 5.8803558E-001
 28.0098, 5.8563232E-001
 28.0224, 5.8574677E-001
 28.0350, 5.8677673E-001
 28.0476, 5.8658600E-001
 28.0602, 5.8715820E-001
 28.0728, 5.8616638E-001
 28.0854, 5.8628082E-001
 28.0980, 5.8551788E-001
 28.1106, 5.8639526E-001
 28.1232, 5.8620453E-001
 28.1358, 5.8719635E-001
 28.1484, 5.8719635E-001
 28.1610, 5.8628082E-001
 28.1736, 5.8647156E-001
 28.1862, 5.8567047E-001
 28.1988, 5.8681488E-001
 28.2114, 5.8624268E-001
 28.2240, 5.8677673E-001
 28.2366, 5.8650970E-001
 28.2492, 5.8578491E-001
 28.2618, 5.8544159E-001
 28.2744, 5.8601379E-001
 28.2870, 5.8635712E-001
 28.2996, 5.8692932E-001
 28.3122, 5.8719635E-001
 28.3248, 5.8593750E-001
 28.3374, 5.8712006E-001
 28.3500, 5.8517456E-001
 28.3626, 5.8670044E-001
 28.3752, 5.8654785E-001
 28.3878, 5.8685303E-001
 28.4004, 5.8624268E-001
 28.4130, 5.8624268E-001
 28.4256, 5.8628082E-001
 28.4382, 5.8628082E-001
 28.4508, 5.8647156E-001
 28.4634, 5.8704376E-001
 28.4760, 5.8738708E-001
 28.4886, 5.8654785E-001
 28.5012, 5.8662415E-001
 28.5138, 5.8547974E-001
 28.5264, 5.8567047E-001
 28.5390, 5.8704376E-001
 28.5516, 5.8666229E-001
 28.5642, 5.8731079E-001
 28.5768, 5.8620453E-001
 28.5894, 5.8639526E-001
 28.6020, 5.8544159E-001
 28.6146, 5.8822632E-001
 28.6272, 5.8631897E-001
 28.6398, 5.8811188E-001
 28.6524, 5.8605194E-001
 28.6650, 5.8811188E-001
 28.6776, 5.8563232E-001
 28.6902, 5.8567047E-001
 28.7028, 5.8593750E-001
 28.7154, 5.8612823E-001
 28.7280, 5.8723450E-001
 28.7406, 5.8624268E-001
 28.7532, 5.8643341E-001
 28.7658, 5.8570862E-001
 28.7784, 5.8662415E-001
 28.7910, 5.8650970E-001
 28.8036, 5.8753967E-001
 28.8162, 5.8624268E-001
 28.8288, 5.8609009E-001
 28.8414, 5.8689117E-001
 28.8540, 5.8582306E-001
 28.8666, 5.8677673E-001
 28.8792, 5.8589935E-001
 28.8918, 5.8776855E-001
 28.9044, 5.8731079E-001
 28.9170, 5.8738708E-001
 28.9296, 5.8715820E-001
 28.9422, 5.8620453E-001
 28.9548, 5.8879852E-001
 28.9674, 5.8742523E-001
 28.9800, 5.8815002E-001
 28.9926, 5.8681488E-001
 29.0052, 5.8689117E-001
 29.0178, 5.8666229E-001
 29.0304, 5.8593750E-001
 29.0430, 5.8670044E-001
 29.0556, 5.8876038E-001
 29.0682, 5.8723450E-001
 29.0808, 5.8601379E-001
 29.0934, 5.8563232E-001
 29.1060, 5.8574677E-001
 29.1186, 5.8692932E-001
 29.1312, 5.8620453E-001
 29.1438, 5.8753967E-001
 29.1564, 5.8685303E-001
 29.1690, 5.8635712E-001
 29.1816, 5.8490753E-001
 29.1942, 5.8597565E-001
 29.2068, 5.8609009E-001
 29.2194, 5.8784485E-001
 29.2320, 5.8635712E-001
 29.2446, 5.8643341E-001
 29.2572, 5.8589935E-001
 29.2698, 5.8517456E-001
 29.2824, 5.8582306E-001
 29.2950, 5.8597565E-001
 29.3076, 5.8677673E-001
 29.3202, 5.8654785E-001
 29.3328, 5.8574677E-001
 29.3454, 5.8704376E-001
 29.3580, 5.8723450E-001
 29.3706, 5.8540344E-001
 29.3832, 5.8681488E-001
 29.3958, 5.8746338E-001
 29.4084, 5.8700562E-001
 29.4210, 5.8769226E-001
 29.4336, 5.8631897E-001
 29.4462, 5.8734894E-001
 29.4588, 5.8734894E-001
 29.4714, 5.8765411E-001
 29.4840, 5.8639526E-001
 29.4966, 5.8681488E-001
 29.5092, 5.8612823E-001
 29.5218, 5.8597565E-001
 29.5344, 5.8757782E-001
 29.5470, 5.8654785E-001
 29.5596, 5.8731079E-001
 29.5722, 5.8624268E-001
 29.5848, 5.8620453E-001
 29.5974, 5.8574677E-001
 29.6100, 5.8692932E-001
 29.6226, 5.8658600E-001
 29.6352, 5.8696747E-001
 29.6478, 5.8723450E-001
 29.6604, 5.8612823E-001
 29.6730, 5.8670044E-001
 29.6856, 5.8540344E-001
 29.6982, 5.8662415E-001
 29.7108, 5.8639526E-001
 29.7234, 5.8761597E-001
 29.7360, 5.8616638E-001
 29.7486, 5.8609009E-001
 29.7612, 5.8673859E-001
 29.7738, 5.8597565E-001
 29.7864, 5.8654785E-001
 29.7990, 5.8658600E-001
 29.8116, 5.8734894E-001
 29.8242, 5.8605194E-001
 29.8368, 5.8666229E-001
 29.8494, 5.8498383E-001
 29.8620, 5.8639526E-001
 29.8746, 5.8631897E-001
 29.8872, 5.8753967E-001
 29.8998, 5.8673859E-001
 29.9124, 5.8582306E-001
 29.9250, 5.8662415E-001
 29.9376, 5.8551788E-001
 29.9502, 5.8624268E-001
 29.9628, 5.8612823E-001
 29.9754, 5.8845520E-001
 29.9880, 5.8616638E-001
 30.0006, 5.8628082E-001
 30.0132, 5.8620453E-001
 30.0258, 5.8658600E-001
 30.0384, 5.8654785E-001
 30.0510, 5.8689117E-001
 30.0636, 5.8746338E-001
 30.0762, 5.8593750E-001
 30.0888, 5.8670044E-001
 30.1014, 5.8559418E-001
 30.1140, 5.8677673E-001
 30.1266, 5.8597565E-001
 30.1392, 5.8731079E-001
 30.1518, 5.8616638E-001
 30.1644, 5.8685303E-001
 30.1770, 5.8631897E-001
 30.1896, 5.8597565E-001
 30.2022, 5.8612823E-001
 30.2148, 5.8635712E-001
 30.2274, 5.8753967E-001
 30.2400, 5.8570862E-001
 30.2526, 5.8700562E-001
 30.2652, 5.8563232E-001
 30.2778, 5.8662415E-001
 30.2904, 5.8628082E-001
 30.3030, 5.8681488E-001
 30.3156, 5.8670044E-001
 30.3282, 5.8624268E-001
 30.3408, 5.8639526E-001
 30.3534, 5.8589935E-001
 30.3660, 5.8731079E-001
 30.3786, 5.8658600E-001
 30.3912, 5.8765411E-001
 30.4038, 5.8635712E-001
 30.4164, 5.8696747E-001
 30.4290, 5.8582306E-001
 30.4416, 5.8624268E-001
 30.4542, 5.8631897E-001
 30.4668, 5.8639526E-001
 30.4794, 5.8719635E-001
 30.4920, 5.8624268E-001
 30.5046, 5.8628082E-001
 30.5172, 5.8582306E-001
 30.5298, 5.8639526E-001
 30.5424, 5.8685303E-001
 30.5550, 5.8757782E-001
 30.5676, 5.8620453E-001
 30.5802, 5.8780670E-001
 30.5928, 5.8639526E-001
 30.6054, 5.8547974E-001
 30.6180, 5.8658600E-001
 30.6306, 5.8635712E-001
 30.6432, 5.8757782E-001
 30.6558, 5.8616638E-001
 30.6684, 5.8700562E-001
 30.6810, 5.8540344E-001
 30.6936, 5.8658600E-001
 30.7062, 5.8593750E-001
 30.7188, 5.8776855E-001
 30.7314, 5.8620453E-001
 30.7440, 5.8635712E-001
 30.7566, 5.8582306E-001
 30.7692, 5.8532715E-001
 30.7818, 5.8605194E-001
 30.7944, 5.8574677E-001
 30.8070, 5.8666229E-001
 30.8196, 5.8547974E-001
 30.8322, 5.8567047E-001
 30.8448, 5.8574677E-001
 30.8574, 5.8544159E-001
 30.8700, 5.8593750E-001
 30.8826, 5.8593750E-001
 30.8952, 5.8639526E-001
 30.9078, 5.8502197E-001
 30.9204, 5.8567047E-001
 30.9330, 5.8570862E-001
 30.9456, 5.8788300E-001
 30.9582, 5.8570862E-001
 30.9708, 5.8658600E-001
 30.9834, 5.8635712E-001
 30.9960, 5.8692932E-001
 31.0086, 5.8624268E-001
 31.0212, 5.8620453E-001
 31.0338, 5.8582306E-001
 31.0464, 5.8631897E-001
 31.0590, 5.8681488E-001
 31.0716, 5.8605194E-001
 31.0842, 5.8578491E-001
 31.0968, 5.8536530E-001
 31.1094, 5.8696747E-001
 31.1220, 5.8700562E-001
 31.1346, 5.8868408E-001
 31.1472, 5.8750153E-001
 31.1598, 5.8612823E-001
 31.1724, 5.8647156E-001
 31.1850, 5.8547974E-001
 31.1976, 5.8673859E-001
 31.2102, 5.8624268E-001
 31.2228, 5.8670044E-001
 31.2354, 5.8708191E-001
 31.2480, 5.8658600E-001
 31.2606, 5.8559418E-001
 31.2732, 5.8620453E-001
 31.2858, 5.8654785E-001
 31.2984, 5.8673859E-001
 31.3110, 5.8769226E-001
 31.3236, 5.8624268E-001
 31.3362, 5.8654785E-001
 31.3488, 5.8593750E-001
 31.3614, 5.8593750E-001
 31.3740, 5.8658600E-001
 31.3866, 5.8719635E-001
 31.3992, 5.8654785E-001
 31.4118, 5.8616638E-001
 31.4244, 5.8609009E-001
 31.4370, 5.8540344E-001
 31.4496, 5.8624268E-001
 31.4622, 5.8670044E-001
 31.4748, 5.8746338E-001
 31.4874, 5.8628082E-001
 31.5000, 5.8677673E-001
 31.5126, 5.8631897E-001
 31.5252, 5.8574677E-001
 31.5378, 5.8631897E-001
 31.5504, 5.8605194E-001
 31.5630, 5.8673859E-001
 31.5756, 5.8639526E-001
 31.5882, 5.8635712E-001
 31.6008, 5.8528900E-001
 31.6134, 5.8666229E-001
 31.6260, 5.8666229E-001
 31.6386, 5.8753967E-001
 31.6512, 5.8582306E-001
 31.6638, 5.8662415E-001
 31.6764, 5.8593750E-001
 31.6890, 5.8582306E-001
 31.7016, 5.8639526E-001
 31.7142, 5.8654785E-001
 31.7268, 5.8658600E-001
 31.7394, 5.8578491E-001
 31.7520, 5.8609009E-001
 31.7646, 5.8544159E-001
 31.7772, 5.8624268E-001
 31.7898, 5.8616638E-001
 31.8024, 5.8700562E-001
 31.8150, 5.8658600E-001
 31.8276, 5.8658600E-001
 31.8402, 5.8616638E-001
 31.8528, 5.8563232E-001
 31.8654, 5.8689117E-001
 31.8780, 5.8673859E-001
 31.8906, 5.8715820E-001
 31.9032, 5.8643341E-001
 31.9158, 5.8635712E-001
 31.9284, 5.8525085E-001
 31.9410, 5.8612823E-001
 31.9536, 5.8643341E-001
 31.9662, 5.8757782E-001
 31.9788, 5.8761597E-001
 31.9914, 5.8547974E-001
 32.0040, 5.8677673E-001
 32.0166, 5.8658600E-001
 32.0292, 5.8647156E-001
 32.0418, 5.8601379E-001
 32.0544, 5.8689117E-001
 32.0670, 5.8620453E-001
 32.0796, 5.8612823E-001
 32.0922, 5.8616638E-001
 32.1048, 5.8567047E-001
 32.1174, 5.8628082E-001
 32.1300, 5.8589935E-001
 32.1426, 5.8708191E-001
 32.1552, 5.8593750E-001
 32.1678, 5.8620453E-001
 32.1804, 5.8563232E-001
 32.1930, 5.8654785E-001
 32.2056, 5.8715820E-001
 32.2182, 5.8742523E-001
 32.2308, 5.8696747E-001
 32.2434, 5.8643341E-001
 32.2560, 5.8631897E-001
 32.2686, 5.8639526E-001
 32.2812, 5.8612823E-001
 32.2938, 5.8647156E-001
 32.3064, 5.8738708E-001
 32.3190, 5.8704376E-001
 32.3316, 5.8570862E-001
 32.3442, 5.8567047E-001
 32.3568, 5.8574677E-001
 32.3694, 5.8612823E-001
 32.3820, 5.8624268E-001
 32.3946, 5.8704376E-001
 32.4072, 5.8605194E-001
 32.4198, 5.8715820E-001
 32.4324, 5.8567047E-001
 32.4450, 5.8700562E-001
 32.4576, 5.8593750E-001
 32.4702, 5.8654785E-001
 32.4828, 5.8658600E-001
 32.4954, 5.8605194E-001
 32.5080, 5.8628082E-001
 32.5206, 5.8551788E-001
 32.5332, 5.8765411E-001
 32.5458, 5.8673859E-001
 32.5584, 5.8746338E-001
 32.5710, 5.8593750E-001
 32.5836, 5.8650970E-001
 32.5962, 5.8528900E-001
 32.6088, 5.8639526E-001
 32.6214, 5.8612823E-001
 32.6340, 5.8677673E-001
 32.6466, 5.8639526E-001
 32.6592, 5.8643341E-001
 32.6718, 5.8742523E-001
 32.6844, 5.8643341E-001
 32.6970, 5.8738708E-001
 32.7096, 5.8742523E-001
 32.7222, 5.8822632E-001
 32.7348, 5.8673859E-001
 32.7474, 5.8727264E-001
 32.7600, 5.8673859E-001
 32.7726, 5.8681488E-001
 32.7852, 5.8704376E-001
 32.7978, 5.8712006E-001
 32.8104, 5.8761597E-001
 32.8230, 5.8525085E-001
 32.8356, 5.8563232E-001
 32.8482, 5.8540344E-001
 32.8608, 5.8643341E-001
 32.8734, 5.8620453E-001
 32.8860, 5.8700562E-001
 32.8986, 5.8654785E-001
 32.9112, 5.8578491E-001
 32.9238, 5.8593750E-001
 32.9364, 5.8502197E-001
 32.9490, 5.8605194E-001
 32.9616, 5.8551788E-001
 32.9742, 5.8662415E-001
 32.9868, 5.8551788E-001
 32.9994, 5.8544159E-001
 33.0120, 5.8563232E-001
 33.0246, 5.8589935E-001
 33.0372, 5.8605194E-001
 33.0498, 5.8666229E-001
 33.0624, 5.8685303E-001
 33.0750, 5.8521271E-001
 33.0876, 5.8567047E-001
 33.1002, 5.8479309E-001
 33.1128, 5.8601379E-001
 33.1254, 5.8574677E-001
 33.1380, 5.8670044E-001
 33.1506, 5.8593750E-001
 33.1632, 5.8658600E-001
 33.1758, 5.8628082E-001
 33.1884, 5.8555603E-001
 33.2010, 5.8582306E-001
 33.2136, 5.8635712E-001
 33.2262, 5.8738708E-001
 33.2388, 5.8582306E-001
 33.2514, 5.8620453E-001
 33.2640, 5.8547974E-001
 33.2766, 5.8670044E-001
 33.2892, 5.8635712E-001
 33.3018, 5.8696747E-001
 33.3144, 5.8662415E-001
 33.3270, 5.8601379E-001
 33.3396, 5.8776855E-001
 33.3522, 5.8509827E-001
 33.3648, 5.8666229E-001
 33.3774, 5.8628082E-001
 33.3900, 5.8677673E-001
 33.4026, 5.8593750E-001
 33.4152, 5.8547974E-001
 33.4278, 5.8532715E-001
 33.4404, 5.8593750E-001
 33.4530, 5.8635712E-001
 33.4656, 5.8662415E-001
 33.4782, 5.8708191E-001
 33.4908, 5.8650970E-001
 33.5034, 5.8696747E-001
 33.5160, 5.8567047E-001
 33.5286, 5.8666229E-001
 33.5412, 5.8570862E-001
 33.5538, 5.8776855E-001
 33.5664, 5.8616638E-001
 33.5790, 5.8670044E-001
 33.5916, 5.8612823E-001
 33.6042, 5.8547974E-001
 33.6168, 5.8586121E-001
 33.6294, 5.8628082E-001
 33.6420, 5.8780670E-001
 33.6546, 5.8647156E-001
 33.6672, 5.8605194E-001
 33.6798, 5.8563232E-001
 33.6924, 5.8586121E-001
 33.7050, 5.8620453E-001
 33.7176, 5.8765411E-001
 33.7302, 5.8593750E-001
 33.7428, 5.8609009E-001
 33.7554, 5.8822632E-001
 33.7680, 5.8708191E-001
 33.7806, 5.8845520E-001
 33.7932, 5.8704376E-001
 33.8058, 5.8734894E-001
 33.8184, 5.8677673E-001
 33.8310, 5.8734894E-001
 33.8436, 5.8616638E-001
 33.8562, 5.8662415E-001
 33.8688, 5.8696747E-001
 33.8814, 5.8696747E-001
 33.8940, 5.8677673E-001
 33.9066, 5.8616638E-001
 33.9192, 5.8799744E-001
 33.9318, 5.8521271E-001
 33.9444, 5.8734894E-001
 33.9570, 5.8685303E-001
 33.9696, 5.8799744E-001
 33.9822, 5.8742523E-001
 33.9948, 5.8715820E-001
 34.0074, 5.8742523E-001
 34.0200, 5.8639526E-001
 34.0326, 5.8815002E-001
 34.0452, 5.8776855E-001
 34.0578, 5.8773041E-001
 34.0704, 5.8811188E-001
 34.0830, 5.8685303E-001
 34.0956, 5.8704376E-001
 34.1082, 5.8715820E-001
 34.1208, 5.8765411E-001
 34.1334, 5.8719635E-001
 34.1460, 5.8845520E-001
 34.1586, 5.8738708E-001
 34.1712, 5.8795929E-001
 34.1838, 5.8692932E-001
 34.1964, 5.8795929E-001
 34.2090, 5.8612823E-001
 34.2216, 5.8708191E-001
 34.2342, 5.8582306E-001
 34.2468, 5.8601379E-001
 34.2594, 5.8620453E-001
 34.2720, 5.8639526E-001
 34.2846, 5.8654785E-001
 34.2972, 5.8670044E-001
 34.3098, 5.8753967E-001
 34.3224, 5.8574677E-001
 34.3350, 5.8582306E-001
 34.3476, 5.8563232E-001
 34.3602, 5.8597565E-001
 34.3728, 5.8563232E-001
 34.3854, 5.8723450E-001
 34.3980, 5.8681488E-001
 34.4106, 5.8631897E-001
 34.4232, 5.8670044E-001
 34.4358, 5.8609009E-001
 34.4484, 5.8727264E-001
 34.4610, 5.8685303E-001
 34.4736, 5.8700562E-001
 34.4862, 5.8616638E-001
 34.4988, 5.8662415E-001
 34.5114, 5.8540344E-001
 34.5240, 5.8593750E-001
 34.5366, 5.8563232E-001
 34.5492, 5.8597565E-001
 34.5618, 5.8742523E-001
 34.5744, 5.8628082E-001
 34.5870, 5.8792114E-001
 34.5996, 5.8696747E-001
 34.6122, 5.8750153E-001
 34.6248, 5.8765411E-001
 34.6374, 5.8815002E-001
 34.6500, 5.8650970E-001
 34.6626, 5.8677673E-001
 34.6752, 5.8666229E-001
 34.6878, 5.8643341E-001
 34.7004, 5.8750153E-001
 34.7130, 5.8738708E-001
 34.7256, 5.8753967E-001
 34.7382, 5.8723450E-001
 34.7508, 5.8673859E-001
 34.7634, 5.8647156E-001
 34.7760, 5.8700562E-001
 34.7886, 5.8700562E-001
 34.8012, 5.8696747E-001
 34.8138, 5.8826447E-001
 34.8264, 5.8639526E-001
 34.8390, 5.8616638E-001
 34.8516, 5.8536530E-001
 34.8642, 5.8738708E-001
 34.8768, 5.8731079E-001
 34.8894, 5.8822632E-001
 34.9020, 5.8746338E-001
 34.9146, 5.8746338E-001
 34.9272, 5.8551788E-001
 34.9398, 5.8681488E-001
 34.9524, 5.8677673E-001
 34.9650, 5.8715820E-001
 34.9776, 5.8818817E-001
 34.9902, 5.8658600E-001
 35.0028, 5.8700562E-001
 35.0154, 5.8643341E-001
 35.0280, 5.8715820E-001
 35.0406, 5.8727264E-001
 35.0532, 5.8792114E-001
 35.0658, 5.8727264E-001
 35.0784, 5.8662415E-001
 35.0910, 5.8715820E-001
 35.1036, 5.8544159E-001
 35.1162, 5.8658600E-001
 35.1288, 5.8628082E-001
 35.1414, 5.8704376E-001
 35.1540, 5.8578491E-001
 35.1666, 5.8601379E-001
 35.1792, 5.8616638E-001
 35.1918, 5.8631897E-001
 35.2044, 5.8609009E-001
 35.2170, 5.8666229E-001
 35.2296, 5.8769226E-001
 35.2422, 5.8574677E-001
 35.2548, 5.8650970E-001
 35.2674, 5.8544159E-001
 35.2800, 5.8616638E-001
 35.2926, 5.8540344E-001
 35.3052, 5.8731079E-001
 35.3178, 5.8544159E-001
 35.3304, 5.8635712E-001
 35.3430, 5.8589935E-001
 35.3556, 5.8555603E-001
 35.3682, 5.8605194E-001
 35.3808, 5.8647156E-001
 35.3934, 5.8692932E-001
 35.4060, 5.8609009E-001
 35.4186, 5.8532715E-001
 35.4312, 5.8532715E-001
 35.4438, 5.8628082E-001
 35.4564, 5.8578491E-001
 35.4690, 5.8666229E-001
 35.4816, 5.8620453E-001
 35.4942, 5.8509827E-001
 35.5068, 5.8563232E-001
 35.5194, 5.8719635E-001
 35.5320, 5.8582306E-001
 35.5446, 5.8635712E-001
 35.5572, 5.8761597E-001
 35.5698, 5.8559418E-001
 35.5824, 5.8578491E-001
 35.5950, 5.8540344E-001
 35.6076, 5.8601379E-001
 35.6202, 5.8734894E-001
 35.6328, 5.8605194E-001
 35.6454, 5.8769226E-001
 35.6580, 5.8551788E-001
 35.6706, 5.8635712E-001
 35.6832, 5.8517456E-001
 35.6958, 5.8586121E-001
 35.7084, 5.8689117E-001
 35.7210, 5.8696747E-001
 35.7336, 5.8574677E-001
 35.7462, 5.8654785E-001
 35.7588, 5.8532715E-001
 35.7714, 5.8544159E-001
 35.7840, 5.8570862E-001
 35.7966, 5.8540344E-001
 35.8092, 5.8624268E-001
 35.8218, 5.8658600E-001
 35.8344, 5.8666229E-001
 35.8470, 5.8582306E-001
 35.8596, 5.8628082E-001
 35.8722, 5.8639526E-001
 35.8848, 5.8624268E-001
 35.8974, 5.8593750E-001
 35.9100, 5.8540344E-001
 35.9226, 5.8776855E-001
 35.9352, 5.8574677E-001
 35.9478, 5.8689117E-001
 35.9604, 5.8605194E-001
 35.9730, 5.8750153E-001
 35.9856, 5.8616638E-001
 35.9982, 5.8662415E-001
 36.0108, 5.8605194E-001
 36.0234, 5.8624268E-001
 36.0360, 5.8647156E-001
 36.0486, 5.8689117E-001
 36.0612, 5.8685303E-001
 36.0738, 5.8582306E-001
 36.0864, 5.8620453E-001
 36.0990, 5.8578491E-001
 36.1116, 5.8650970E-001
 36.1242, 5.8662415E-001
 36.1368, 5.8746338E-001
 36.1494, 5.8666229E-001
 36.1620, 5.8639526E-001
 36.1746, 5.8601379E-001
 36.1872, 5.8547974E-001
 36.1998, 5.8685303E-001
 36.2124, 5.8593750E-001
 36.2250, 5.8715820E-001
 36.2376, 5.8639526E-001
 36.2502, 5.8666229E-001
 36.2628, 5.8559418E-001
 36.2754, 5.8685303E-001
 36.2880, 5.8673859E-001
 36.3006, 5.8654785E-001
 36.3132, 5.8700562E-001
 36.3258, 5.8624268E-001
 36.3384, 5.8654785E-001
 36.3510, 5.8582306E-001
 36.3636, 5.8723450E-001
 36.3762, 5.8624268E-001
 36.3888, 5.8727264E-001
 36.4014, 5.8647156E-001
 36.4140, 5.8662415E-001
 36.4266, 5.8540344E-001
 36.4392, 5.8593750E-001
 36.4518, 5.8620453E-001
 36.4644, 5.8662415E-001
 36.4770, 5.8727264E-001
 36.4896, 5.8586121E-001
 36.5022, 5.8753967E-001
 36.5148, 5.8532715E-001
 36.5274, 5.8563232E-001
 36.5400, 5.8605194E-001
 36.5526, 5.8704376E-001
 36.5652, 5.8662415E-001
 36.5778, 5.8567047E-001
 36.5904, 5.8631897E-001
 36.6030, 5.8563232E-001
 36.6156, 5.8620453E-001
 36.6282, 5.8700562E-001
 36.6408, 5.8731079E-001
 36.6534, 5.8666229E-001
 36.6660, 5.8715820E-001
 36.6786, 5.8570862E-001
 36.6912, 5.8765411E-001
 36.7038, 5.8635712E-001
 36.7164, 5.8666229E-001
 36.7290, 5.8692932E-001
 36.7416, 5.8612823E-001
 36.7542, 5.8631897E-001
 36.7668, 5.8605194E-001
 36.7794, 5.8673859E-001
 36.7920, 5.8628082E-001
 36.8046, 5.8704376E-001
 36.8172, 5.8654785E-001
 36.8298, 5.8593750E-001
 36.8424, 5.8670044E-001
 36.8550, 5.8582306E-001
 36.8676, 5.8647156E-001
 36.8802, 5.8586121E-001
 36.8928, 5.8681488E-001
 36.9054, 5.8586121E-001
 36.9180, 5.8685303E-001
 36.9306, 5.8536530E-001
 36.9432, 5.8727264E-001
 36.9558, 5.8719635E-001
 36.9684, 5.8826447E-001
 36.9810, 5.8734894E-001
 36.9936, 5.8612823E-001
 37.0062, 5.8666229E-001
 37.0188, 5.8521271E-001
 37.0314, 5.8635712E-001
 37.0440, 5.8624268E-001
 37.0566, 5.8670044E-001
 37.0692, 5.8616638E-001
 37.0818, 5.8654785E-001
 37.0944, 5.8555603E-001
 37.1070, 5.8586121E-001
 37.1196, 5.8799744E-001
 37.1322, 5.8647156E-001
 37.1448, 5.8826447E-001
 37.1574, 5.8586121E-001
 37.1700, 5.8643341E-001
 37.1826, 5.8551788E-001
 37.1952, 5.8609009E-001
 37.2078, 5.8589935E-001
 37.2204, 5.8765411E-001
 37.2330, 5.8643341E-001
 37.2456, 5.8689117E-001
 37.2582, 5.8643341E-001
 37.2708, 5.8601379E-001
 37.2834, 5.8658600E-001
 37.2960, 5.8601379E-001
 37.3086, 5.8734894E-001
 37.3212, 5.8601379E-001
 37.3338, 5.8643341E-001
 37.3464, 5.8586121E-001
 37.3590, 5.8612823E-001
 37.3716, 5.8631897E-001
 37.3842, 5.8692932E-001
 37.3968, 5.8784485E-001
 37.4094, 5.8635712E-001
 37.4220, 5.8639526E-001
 37.4346, 5.8536530E-001
 37.4472, 5.8700562E-001
 37.4598, 5.8826447E-001
 37.4724, 5.9024811E-001
 37.4850, 5.8605194E-001
 37.4976, 5.8586121E-001
 37.5102, 5.8631897E-001
 37.5228, 5.8597565E-001
 37.5354, 5.8670044E-001
 37.5480, 5.8692932E-001
 37.5606, 5.8788300E-001
 37.5732, 5.8670044E-001
 37.5858, 5.8700562E-001
 37.5984, 5.8570862E-001
 37.6110, 5.8845520E-001
 37.6236, 5.8788300E-001
 37.6362, 5.8891296E-001
 37.6488, 5.8860779E-001
 37.6614, 5.8887482E-001
 37.6740, 5.8750153E-001
 37.6866, 5.8742523E-001
 37.6992, 5.8849335E-001
 37.7118, 5.8837891E-001
 37.7244, 5.8860779E-001
 37.7370, 5.8628082E-001
 37.7496, 5.8658600E-001
 37.7622, 5.8547974E-001
 37.7748, 5.8673859E-001
 37.7874, 5.8601379E-001
